filename,is_animal_there,is_it_a_dog,is_the_owner_there,color,breed,tail,address,cam_id,date,x_coord,y_coord
С18.jpg,0,0,0,0,0,0,"ЦАО Старая Басманная улица, дом 25, строен",PVN_hd_SAQ_3371_1,23 сент. 2021. 13:19:26,55.40168600933559,37.998833484315824
А81.jpg,0,0,0,0,0,0,"ЮАО Варшавское шоссе, дом 144, корпус 2",P'¥N_hd_UAO_5653_11,"27 сент. 2021, 07:10:45",55.559396377879835,37.28854357457096
B12.jpg,1,0,0,0,0,0,"СВАО Мелиховская улица, дом 2",P'¥N_hd_SVAO_3426_1,"28 сент. 2021, 07:00:34",55.85857453688746,37.95147579857776
С1.jpg,0,0,0,0,0,0,"САО 1-й Амбулаторный проезд, дом 7, корпус",P'V¥N_hd_SAGQ_2559_3,29 сент. 2021. 06:26:03,56.91136899845861,38.13807816810547
А40.jpg,0,0,0,0,0,0,"ЦАО Шелепихинская набережная, дом 22",P'¥N_hd_TSAO_4915_2,"28 сент. 2021, 06:57:55",55.891233879897605,37.10913836927319
С17.jpg,0,0,0,0,0,0,"ЦАО Новая Басманная улица, дом 14, строени",PVN_hd_SAQ_3371_1,"29 сент. 2021, 13:18:29",56.40429540450842,38.06282871650427
А71.jpg,0,0,0,0,0,0,"ЮАО Днепропетровская улица, дом 31",PVN_hd_SAQ_3371_1,"27 сент. 2021, 07:03:12",56.41445530496347,38.15474989502394
С9.jpg,0,0,0,0,0,0,"САО Ленинградское шоссе, дом 51",PVN_hd_SAQ_3371_1,"23 man 2021, 23:00:38",55.941744604828045,37.48658162822277
B96.jpg,0,0,0,0,0,0,"ЦАО Верхняя Сыромятническая улица, дом 2",P'¥N_hd_SVAO_1325_1,23 сент. 2021. 13:19:26,56.44543926581847,37.3183699899046
А23.jpg,0,0,0,0,0,0,"САО Ленинградский проспект, дом 35",ЦМЧ_ЗАО_027_8,"27 сент. 2021, 05:42:56",55.50618290553385,37.81094247923839
С15.jpg,0,0,0,0,0,0,"ЦАО Верхняя Сыромятническая улица, дом 2",PVN_hd_SAQ_3371_1,"29 сент. 2021, 13:15:56",55.677424470820036,37.58186789343846
А83.jpg,0,0,0,0,0,0,"ЮАО улица Красного Маяка, дом 19, корпус 3",P¥N_hd_UAO_$456_1,"27 сент. 2021, 06:52:42",55.57126588316319,38.51710058465124
А73.jpg,1,0,0,0,0,0,"ЮАО Чертановская улица, дом 8, корпус 1",P'V¥N_hd_UAG_2409_1,"27 сент. 2021, 07:43:21",55.52809711363928,37.530833703191085
С6.jpg,0,0,0,0,0,0,"САО Клязьминская улица, дом 5, корпус 1",P'V¥N_hd_SAG_3465_1,"29 сент. 2021, 06:31:12",56.32547294904833,37.171992922720555
А76.jpg,1,0,0,0,0,0,"ЮАО Чертановская улица, дом 8, корпус 1",P'V¥N_hd_UAG_2409_1,27 сент. 2021. 07:02:00,55.06742771407335,38.17967269940434
С11.jpg,0,0,0,0,0,0,"ЦАО переулок Огородная Слобода, дом 10",PVN_hd_SAQ_3371_1,"29 сент. 2021, 13:12:50",54.991071820011506,37.56951019912375
А100.jpg,0,0,0,0,0,0,"ЦАО Верхняя Сыромятническая улица, дом 2",P'¥N_hd_UZAO_8352_4,27 сент. 2021. 07:00:11,55.33445808637824,38.00263297575678
А4.jpg,1,0,0,0,0,0,"ЦАО Верхняя Сыромятническая улица, дом 2",P'VN_hd_SZAO_36_3,"27 сент. 2021, 06:54:06",56.386452988209186,37.62270982111276
С8.jpg,0,0,0,0,0,0,"САО Ленинградское шоссе, дом 35",P¥N_hd_SAGQ_2_7228_1,"29 сент. 2021, 06:31:19",56.052084398967175,37.31854610578243
B99.jpg,0,0,0,0,0,0,"ЦАО 1-й Спасоналивковский переулок, дом 18",P'¥N_hd_TSAO_11401_1,"27 сент. 2021, 17:20:48",56.61820066783871,37.074861963660794
С14.jpg,0,0,0,0,0,0,"ЦАО Садовая-Черногрязская улица, дом 16-18",PVN_hd_SAQ_3371_1,"29 сент. 2021, 13:16:07",56.130531785592616,38.32657398837282
B34.jpg,0,0,0,0,0,0,"СВАО улица Корнейчука, дом 414",PVN_hd_SAQ_3371_1,"28 сент. 2021, 07:10:45",56.18059466052421,37.20533273848094
B91.jpg,0,0,0,0,0,0,"ЦАО Верхняя Сыромятническая улица, дом 2",PVN_hd_SAQ_3371_1,"27 сент. 2021, 07:08:05",57.0380473372382,37.437183873519956
А80.jpg,1,0,0,0,0,0,"ЮАО Чертановская улица, дом 66, корпус 4",РУМ_В9 ЦАО_2582_4,"27 сент. 2021, 05:53:35",55.75876354007918,37.16128452554723
С3.jpg,0,0,0,0,0,0,"ЮАО 1-й Нижний Михайловский проезд, дом |",PVN_hd_UAO_7270_3,"29 сент. 2021, 06:31:17",55.597431455715906,37.895725654672475
B97.jpg,0,0,0,0,0,0,"ЮЗАО улица Академика Семёнова, дом 3",РУМЧ_ВЯ ЦУАО_8740_4,"27 сент. 2021, 17:19:51",55.56916184862978,37.44053879073225
С20.jpg,0,0,0,0,0,0,"ЦАО Токмаков переулок, дом 13-15",PVN_hd_SAQ_3371_1,"29 сент. 2021, 13:21:07",55.462836348857124,37.12333338152081
С5.jpg,0,0,0,0,0,0,"САО Ангарская улица, дом 39",PVN_hd_SAQ_3371_1,"29 сент. 2021, 05:31:18",55.10407492625086,37.72093456686588
B88.jpg,0,0,0,0,0,0,"ЦАО 5-й Монетчиковский переулок, дом 13",PVN_hd_TSAO_3766_1,"27 сент. 2021, 07:10:35",55.31312490469368,37.7386482479297
А54.jpg,1,0,0,0,0,0,"ЗАО улица Крылатские Холмы, дом 32, корпус",РУМ_НЯ 7АС_9544_4,"28 сент. 2021, 06:52:27",55.383340224410446,37.446915551563
С19.jpg,0,0,0,0,0,0,"ЦАО Токмаков переулок, дом 3-5",PVN_hd_SAQ_3371_1,"29 сент. 2021, 13:20:16",55.51933264844496,38.26410160616635
А64.jpg,0,0,0,0,0,0,"ЗАО Филёвский бульвар, дом 15",P'¥N_hd_ZAO_10482_1,"28 сент. 2021, 06:59:10",55.17583387789349,37.635008982092955
С12.jpg,0,0,0,0,0,0,"ЦАО переулок Огородная Слобода, дом 14",PVN_hd_SAQ_3371_1,"29 сент. 2021, 13:14:13",56.71099843019337,37.76635891492537
С10.jpg,0,0,0,0,0,0,"ЦАО Верхняя Сыромятническая улица, дом 2",P'¥N_hd_SAGQ_2_8257_3,"29 сент. 2021, 06:31:20",56.586602885070285,37.78432592961929
С4.jpg,0,0,0,0,0,0,"CAO Беломорская улица, дом 16",PVN_hd_SAO_2 7820.1,"29 ceHT. 2021, 06:26:06",55.55255382565832,37.64117565212953
B1.jpg,1,0,0,0,0,0,"СВАО улица Академика Королёва, дом 28, кор",P'¥N_hd_SVAO_1652_1,23 сент. 2021. 13:19:26,55.53615328522496,37.26967372944251
С7.jpg,0,0,0,0,0,0,"ЦАО Центросоюзный переулок, дом 4",PVN_hd_TSAO_3647_1,"29 сент. 2021, 06:26:06",56.25418148887913,37.197624207100205
А17.jpg,0,0,0,0,0,0,"САО Ленинградский проспект, дом 35",ЦМЧ_ЗАО_027_7,23 сент. 2021. 13:19:26,55.65077190394934,36.965741572788914
А86.jpg,0,0,0,0,0,0,"ЮЗАО улица Каховка, дом 5, корпус 4",P¥N_hd_UZAO_7277_1,"27 сент. 2021, 07:02:54",56.67042807693598,37.52046286380168
B98.jpg,1,0,0,0,0,0,"ЦАО улица Крымский Вал, дом 8",P'¥N_hd_TSAO_6162_6,"27 сент. 2021, 17:27:00",55.96485543692846,37.684960625003335
С13.jpg,1,0,0,0,0,0,"ЦАО Большой Козловский переулок, дом 11, с",PVN_hd_SAQ_3371_1,"29 сент. 2021, 13:15:12",55.191978442519115,37.83549018354483
B100.jpg,0,0,0,0,0,0,"ЦАО Верхняя Сыромятническая улица, дом 2",PVN_hd_UZAG_8772_3,"27 сент. 2021, 17:16:33",55.817102462439884,36.93664121183206
B86.jpg,0,0,0,0,0,0,"ЦАО Малая Пионерская улица, дом 23-31, стро",PVN_hd TSAO _3847_1,"27 сент. 2021, 07:18:22",55.74658964852074,37.33673353537493
B55.jpg,0,0,0,0,0,0,"ЦАО Верхняя Сыромятническая улица, дом 2",P'V¥N_hd_TSAO_5300_3,"28 сент. 2021, 07:12:58",56.02517279763882,37.13340978184631
С16.jpg,1,0,0,0,0,0,"ЦАО Верхняя Сыромятническая улица, дом 2",PVN_hd_SAQ_3371_1,"23 Pe 2021, 13:17:42",55.93869160914768,37.47333464968246
А88.jpg,1,0,0,0,0,0,"ЮЗАО Севастопольский проспект, дом 50/11",P'¥N_hd_UZAO_8297_1,23 сент. 2021. 13:19:26,55.92009630115161,38.31259452313985
С2.jpg,0,0,0,0,0,0,"ЦАО Верхняя Сыромятническая улица, дом 2",PVN_hd_TSAO_3647_1,"29 сент. 2021, 06:31:11",55.48487226560219,37.536247782029456
А33.jpg,1,0,0,0,0,0,"СЗАО улица Исаковского, дом 28, корпус 1",P'¥N_hd_SZA0_5745_1,23 сент. 2021. 13:19:26,55.23394066270614,36.4875983535842
А98.jpg,0,0,0,0,0,0,"ЦАО Верхняя Сыромятническая улица, дом 2",PVN_hd_SAQ_3371_1,23 сент. 2021. 13:19:26,55.127629137549455,37.71630193645545
А30.jpg,1,0,0,0,0,0,"ЦАО Верхняя Сыромятническая улица, дом 2",ЦМЧ_ЗАО_027_8,"27 сент. 2021, 08:45:49",55.3977168854865,37.77583981073279
А49.jpg,1,1,0,1,a labrador,2,"ЦАО Верхняя Сыромятническая улица, дом 2",PVN_hd_SAQ_3371_1,23 сент. 2021. 13:19:26,55.76468283885505,36.65637915205289
B19.jpg,1,1,0,1,a labrador,2,"ЦАО Верхняя Сыромятническая улица, дом 2",PVN_hd_SAQ_3371_1,23 сент. 2021. 13:19:26,56.11855547304372,37.76012505348701
B111.jpg,0,0,0,0,0,0,"ЦАО Верхняя Сыромятническая улица, дом 2",PVN_hd_SAQ_3371_1,23 сент. 2021. 13:19:26,56.37825608537321,37.75885929224453
B47.jpg,0,0,0,0,0,0,"СВАО улица Корнейчука, дом 414",PVN_hd_SAQ_3371_1,"28 сент. 2021, 08:58:08",54.97702614073075,38.074187147214175
А5.jpg,1,1,1,1,a rottweiler,1,"ЦАО Верхняя Сыромятническая улица, дом 2",P'VN_hd_SZAO_36_3,23 сент. 2021. 13:19:26,55.9280040262034,36.9925701783808
B119.jpg,0,0,0,0,0,0,"ЦАО Верхняя Сыромятническая улица, дом 2",PVN_hd_SAQ_3371_1,23 сент. 2021. 13:19:26,55.650300924531635,37.5619612821053
B89.jpg,1,1,1,2,a labrador,2,"СВАО проспект Мира, дом 182, корпус 3",P'¥N_hd_SVAO_3055_1,"05 окт. 2021, 09:05:51",55.469569649157215,37.72722585214565
А6.jpg,1,1,1,1,a border collie,2,"ЦАО Верхняя Сыромятническая улица, дом 2",PVN_hd_SAQ_3371_1,23 сент. 2021. 13:19:26,55.07306686887039,37.610104419014824
С59.jpg,0,0,0,0,0,0,"ЦАО Верхняя Сыромятническая улица, дом 2",P'¥N_hd_TSAO_3647_1,23 сент. 2021. 13:19:26,54.73343027454922,36.739916414335454
А48.jpg,0,0,0,0,0,0,"ЮЗАО улицайкадемика Варги, дом 28",P'¥N_hd_UZAO_1100_15,"04 окт. 2021, 07:11:58",56.797937063033764,37.64571110618953
А25.jpg,1,0,0,0,0,0,"САО Ленинградский проспект, дом 35",УММ_5АО_027_8,23 сент. 2021. 13:19:26,55.24116764147349,37.88925096439094
А1.jpg,1,0,0,0,0,0,"ЦАО Верхняя Сыромятническая улица, дом 2",P'VN_hd_SZAO_36_3,23 сент. 2021. 13:19:26,55.9745319787832,37.45150095932473
B50.jpg,0,0,0,0,0,0,"СВАО улица Корнейчука, дом 414",PVN_hd_SAQ_3371_1,"28 сент. 2021, 17:52:19",55.43391863422216,37.58369137566363
B17.jpg,1,1,0,1,a german shepherd,2,"СВАО проспект Мира, дом 182, корпус 3",P'¥N_hd_SVAO_3055_1,"05 окт. 2021, 08:38:15",55.397106264143964,37.683885482267144
С102.jpg,0,0,0,0,0,0,"ЦАО Верхняя Сыромятническая улица, дом 2",PVN_hd_SAQ_3371_1,23 сент. 2021. 13:19:26,55.13888426261402,37.00141757331508
B5.jpg,1,0,0,0,0,0,"СВАО Новоалексеевская улица, дом 5А",P'¥N_hd_SVAO_3040_1,23 сент. 2021. 13:19:26,54.52969126619018,38.116732886973466
С61.jpg,1,1,0,1,a toy terrier,1,"ЦАО Верхняя Сыромятническая улица, дом 2",P'V¥N_hd_TSAO_3647_1,23 сент. 2021. 13:19:26,55.57339426144047,36.79206817624223
B30.jpg,1,1,0,1,a german shepherd,2,"СВАО Мелиховская улица, дом 2",PVN_hd_SVAQ_3426_1,"28 сент. 2021, 17:00:11",55.68431879547183,37.48738196496493
B10.jpg,1,1,0,3,a labrador,2,"СВАО улица Академика Королёва, дом 28, кор",P'¥N_hd_SVAO_1652_1,"28 сент. 2021, 17:39:11",55.48103357740448,37.09519119775675
А38.jpg,1,1,1,1,a doberman,1,"ЦАО Верхняя Сыромятническая улица, дом 2",PVN_hd_SAQ_3371_1,23 сент. 2021. 13:19:26,55.89295376419976,38.5149323597919
B9.jpg,1,0,0,0,0,0,"СВАО Новоалексеевская улица, дом 5А",P'¥N_hd_SVAO_3040_1,"05 я 2021, 07:31:47",55.936759271057674,38.09945134189966
B92.jpg,1,1,1,2,a german shepherd,2,"СВАО улица Бориса Галушкина, дом 25",PVN_hd_SVAQ_3087_5,"05 окт. 2021, 08:54:16",55.114386197637096,38.25159869870753
С54.jpg,1,1,1,2,a dachshund,1,"ЦАО Верхняя Сыромятническая улица, дом 2",PVN_hd_SAQ_3371_1,23 сент. 2021. 13:19:26,54.9193469017149,38.85774003295299
B51.jpg,1,1,1,3,a shiba inu,1,"СВАО Новоалексеевская улица, дом 5А",P'¥N_hd_SVAO_3040_1,"05 окт. 2021, 08:03:53",56.26408568379384,37.07105889337682
B120.jpg,1,1,1,3,a pug,1,"ЦАО Верхняя Сыромятническая улица, дом 2",PVN_hd_SAQ_3371_1,23 сент. 2021. 13:19:26,56.65424240971435,37.89932841329856
B77.jpg,0,0,0,0,0,0,"ЦАО Верхняя Сыромятническая улица, дом 2",PVN_hd_TSAO_5300_3,"28 сент. 2021, 17:26:53",55.69068057250481,37.641560290927096
B80.jpg,0,0,0,0,0,0,"СВАО улица Бориса Галушкина, дом 18",P'V¥N_hd_SVAO_3081_5,"05 окт. 2021, 07:49:37",55.522033688154686,37.14599906383879
B112.jpg,0,0,0,0,0,0,"ЦАО Верхняя Сыромятническая улица, дом 2",PVN_hd_SAQ_3371_1,23 сент. 2021. 13:19:26,55.00057603872295,37.57411796076507
B53.jpg,0,0,0,0,0,0,"СВАО улица Корнейчука, дом 414",PVN_hd_SAQ_3371_1,"28 сент. 2021, 18:10:53",56.76342020754346,36.70882052559598
B87.jpg,1,1,0,2,a corgi,1,"ЦАО 5-й Монетчиковский переулок, дом 13",PVN_hd TSAQ_3766_1,"Е Веки 2021, 17:41:49",56.42209760627195,37.06007966392768
А39.jpg,1,1,0,2,a husky,2,"ЦАО Верхняя Сыромятническая улица, дом 2",PVN_hd_SAQ_3371_1,23 сент. 2021. 13:19:26,56.00549333288395,38.30600442891974
B16.jpg,1,1,0,2,a pug,1,"ЦАО Верхняя Сыромятническая улица, дом 2",PVN_hd_SAQ_3371_1,23 сент. 2021. 13:19:26,55.70494757404396,37.662401437481854
B107.jpg,0,0,0,0,0,0,"ЦАО Верхняя Сыромятническая улица, дом 2",PVN_hd_SAQ_3371_1,23 сент. 2021. 13:19:26,55.88532803353074,37.69286543836051
B18.jpg,1,1,0,2,a pekingese,1,"ЦАО Верхняя Сыромятническая улица, дом 2",PVN_hd_SAQ_3371_1,23 сент. 2021. 13:19:26,56.6411872808998,38.16114173153131
А94.jpg,1,0,0,0,0,0,"ЦАО Верхняя Сыромятническая улица, дом 2",P'¥N_hd_UZAO_8352_4,"27 сент. 2021, 08:08:57",55.303986935178656,36.94371746018577
B76.jpg,1,1,1,3,a pug,1,"СВАО проспект Мира, дом 182, корпус 3",P'¥N_hd_SVAO_3055_1,"05 окт. 2021, 08:59:49",55.39038100993045,38.071017978867836
С98.jpg,0,0,0,0,0,0,"ЦАО Центросоюзный переулок, дом 4",PVN_hd_TSAO_3647_1,"01 окт. 2021, 05:51:08",55.66366184405298,37.10862359102473
B64.jpg,0,0,0,0,0,0,"ЦАО Верхняя Сыромятническая улица, дом 2",PVN_hd_TSAO_5300_3,"28 сент. 2021, 08:20:50",56.15498008104244,37.78431653234196
А58.jpg,1,1,0,2,a border collie,2,"ЗАО улица Крылатские Холмы, дом 32, корпус",РУМ_НЯ 7АС_9544_4,"28 сент. 2021, 08:03:19",55.32268890439236,37.29311966551294
С65.jpg,1,1,0,2,a jack russell terrier,2,"ЦАО Верхняя Сыромятническая улица, дом 2",P'V¥N_hd_TSAO_3647_1,"29 сент. 2021, 07:20:45",55.5247764563602,37.08943984184838
С75.jpg,0,0,0,0,0,0,"ЮАО 1-й Нижний Михайловский проезд, дом |",PVN_hd_UAO_7270_3,"29 сент. 2021, 07:38:39",56.07134200506534,38.2399489557457
С94.jpg,0,0,0,0,0,0,"ЦАО Верхняя Сыромятническая улица, дом 2",PVN_hd_SAQ_3371_1,23 сент. 2021. 13:19:26,55.31191494924424,37.23867914809266
А55.jpg,0,0,0,0,0,0,"ЦАО Верхняя Сыромятническая улица, дом 2",PVN_hd_SAQ_3371_1,23 сент. 2021. 13:19:26,54.88282173451228,37.247036877838426
С82.jpg,1,0,0,0,0,0,"ВАО улица Преображенский Вал, дом 24, корп",РУМ_НЯ МАО_5390_22,"29 сент. 2021, 06:39:35",55.13665135014413,36.921831827851655
С47.jpg,0,0,0,0,0,0,"ЦАО Верхняя Сыромятническая улица, дом 2",PVN_hd_SAQ_3371_1,23 сент. 2021. 13:19:26,55.506036163684726,36.81431020662275
B75.jpg,1,1,0,2,a dalmatian,2,"ЦАО Верхняя Сыромятническая улица, дом 2",РУМ_Га Т$АО_5300_3,"28 сент. 2021, 10:33:49",55.71976913302945,37.34015853917434
С55.jpg,0,0,0,0,0,0,"САО Левобережная улица, дом 4, корпус 12",P'V¥N_hd_SAO_6159_54,29 сент. 2021. 07:13:55,55.499195471782016,37.823089829934496
B74.jpg,1,1,0,3,a Pomeranian dog,1,"ЦАО Верхняя Сыромятническая улица, дом 2",PVN_hd_SAQ_3371_1,23 сент. 2021. 13:19:26,56.436665399057546,37.53008296802617
С81.jpg,1,0,0,0,0,0,"ВАО улица Преображенский Вал, дом 24, корп",РУМ_НЯ МАО_5390_22,"29 сент. 2021, 06:39:31",55.76799707407191,37.72067026890349
B49.jpg,1,1,0,2,a husky,2,"СВАО Новоалексеевская улица, дом 5А",P'¥N_hd_SVAO_3040_1,23 сент. 2021. 13:19:26,56.73391892687354,38.01279739703407
С103.jpg,0,0,0,0,0,0,"ЦАО Верхняя Сыромятническая улица, дом 2",PVN_hd_SAQ_3371_1,23 сент. 2021. 13:19:26,56.65194805106988,38.16882364087874
А62.jpg,1,0,0,0,0,0,"ЗАО улица Крылатские Холмы, дом 32, корпус",PVN_hd_SAQ_3371_1,"28 сент. 2021, 07:28:59",55.80778235288211,37.59631992521556
А20.jpg,1,1,0,2,a poodle,1,"САО Ленинградский проспект, дом 35",ЦМЧ_ЗАО_027_7,"27 сент. 2021, 06:48:08",55.70082384465921,37.649555446143445
А12.jpg,0,0,0,0,0,0,"САО Ленинградский проспект, дом 35",УММ_$АО_027_2,"27 сент. 2021, 06:44:47",56.21214085342382,37.164765504648436
С80.jpg,0,0,0,0,0,0,"САО Ленинградское шоссе, дом 35",P¥N_hd_SAGQ_2_7228_1,"ОБ окт. 2021, 07:13:48",55.56329382523022,38.20538625053771
B93.jpg,0,0,0,0,0,0,"СВАО проезд Черского, дом 5",P'¥N_hd_SVAO_1325_1,Ди 2021. 17:23:46,54.73908779009202,38.261500532770704
B48.jpg,1,1,0,3,a cocker spaniel,1,"ЦАО Верхняя Сыромятническая улица, дом 2",PVN_hd_SAQ_3371_1,23 сент. 2021. 13:19:26,55.50963506748549,37.50914317612376
А78.jpg,1,1,0,2,a husky,2,"ЦАО Верхняя Сыромятническая улица, дом 2",PVN_hd_SAQ_3371_1,23 сент. 2021. 13:19:26,55.85473414108738,37.67433134100029
С40.jpg,0,0,0,0,0,0,"ЮАО 1-й Нижний Михайловский проезд, дом |",P'¥N_hd_UAG_7270_3,"Fa | ue 2021, 06:51:06",55.611691168757304,37.914975038621904
А66.jpg,1,1,0,2,a dalmatian,2,"ЦАО Верхняя Сыромятническая улица, дом 2",PVN_hd_SAQ_3371_1,23 сент. 2021. 13:19:26,55.33431605390184,37.263169452284515
А97.jpg,1,0,0,0,0,0,"ЦАО Верхняя Сыромятническая улица, дом 2",P'¥N_hd_UZAO_8352_4,"27 сент. 2021, 07:44:59",55.94152708016961,37.93369469399437
С35.jpg,1,1,1,3,a newfoundland,2,"ЦАО Верхняя Сыромятническая улица, дом 2",PVN_hd_SAQ_3371_1,23 сент. 2021. 13:19:26,55.79666723047426,37.091432594183516
B104.jpg,0,0,0,0,0,0,"СВАО проспект Мира, дом 182, корпус 3",P'¥N_hd_SVAO_3055_1,"05 окт. 2021, 08:58:46",55.551342953124234,37.88501681448105
B54.jpg,1,1,1,2,a samoyed,2,"СВАО проспект Мира, дом 182, корпус 3",P'¥N_hd_SVAO_3055_1,"05 okt. 2021, 08:43:16",56.503068888534244,37.15229418859169
B118.jpg,1,1,1,2,a pekingese,1,"ЦАО Верхняя Сыромятническая улица, дом 2",PVN_hd_SAQ_3371_1,23 сент. 2021. 13:19:26,56.703231366951236,38.26023373414923
С90.jpg,1,0,0,0,0,0,"САО Левобережная улица, дом 4, корпус 12",P'¥N_hd_SAO_6159_54,"01 окт. 2021, 05:35:31",55.37750922619026,37.7055818436001
С21.jpg,0,0,0,0,0,0,"ЦАО Верхняя Сыромятническая улица, дом 2",PVN_hd_SAQ_3371_1,23 сент. 2021. 13:19:26,55.55860700051944,37.86368061107519
А3.jpg,0,0,0,0,0,0,"СЗАО улица Свободы, дом 3",P'VN_hd_SZAO_36_3,"27 сент. 2021, 06:53:53",54.613445241481244,36.94243961555762
B40.jpg,1,1,1,2,a golden retriever,2,"СВАО улица Корнейчука, дом 414",PVN_hd_SAQ_3371_1,"28 сент. 2021, 07:41:21",56.41977964800003,37.23213742185892
С67.jpg,0,0,0,0,0,0,"САО 1-й Амбулаторный проезд, дом 7, корпус",P'V¥N_hd_SAGQ_2559_3,29 сент. 2021. 07:20:50,56.73508007233433,37.40671346344347
С34.jpg,0,0,0,0,0,0,"ЦАО Верхняя Сыромятническая улица, дом 2",PVN_hd_SAQ_3371_1,23 сент. 2021. 13:19:26,56.09219343758787,37.12629045442536
B4.jpg,1,1,0,2,a husky,2,"ЦАО Верхняя Сыромятническая улица, дом 2",PVN_hd_SAQ_3371_1,23 сент. 2021. 13:19:26,55.393879036798296,37.97058837702439
B14.jpg,1,1,0,2,a pug,1,"ЦАО Верхняя Сыромятническая улица, дом 2",PVN_hd_SAQ_3371_1,23 сент. 2021. 13:19:26,54.83302387951478,36.58761534430724
B71.jpg,1,1,0,2,a labrador,2,"ЦАО Верхняя Сыромятническая улица, дом 2",PVN_hd_TSAO_5300_3,"28 сент. 2021, 09:58:44",55.908167670652155,37.6078237616537
B2.jpg,1,1,0,2,a borzoi,2,"СВАО улица Академика Королёва, дом 28, кор",P'¥N_hd_SVAO_1652_1,"28 сент. 2021, 07:12:05",55.966390703204034,36.79978172156249
B110.jpg,1,1,1,2,a corgi,1,"СВАО улица Бориса Галушкина, дом 25",PVN_hd_SVAQ_3087_5,"05 окт. 2021, 08:42:49",54.86541211878454,37.83388726913478
А50.jpg,1,0,0,0,0,0,"ЦАО Шелепихинская набережная, дом 22",P'V¥N_hd_TSAO_4915_2,"28 сент. 2021, 07:30:48",56.27310475902596,37.82674491602297
B36.jpg,1,1,0,2,a pekingese,1,"СВАО улица Корнейчука, дом 414",PVN_hd_SAQ_3371_1,"28 сент. 2021, 07:19:00",56.053638040648856,37.35104742906448
С42.jpg,0,0,0,0,0,0,"САО Левобережная улица, дом 4, корпус 12",P'V¥N_hd_SAO_6159_54,"29 сент. 2021, 06:56:27",55.35420202460744,37.34551610963424
А19.jpg,1,0,0,0,0,0,"ЦАО Верхняя Сыромятническая улица, дом 2",PVN_hd_SAQ_3371_1,23 сент. 2021. 13:19:26,55.72841865178236,37.554856283679975
А7.jpg,1,0,0,0,0,0,"ЦАО Верхняя Сыромятническая улица, дом 2",PVN_hd_SAQ_3371_1,23 сент. 2021. 13:19:26,55.769092674216544,37.31628136256299
B66.jpg,1,0,0,0,0,0,"ЦАО Верхняя Сыромятническая улица, дом 2",PVN_hd_TSAO_5300_3,"28 сент. 2021, 08:31:26",55.03782879946382,38.55295427475039
B20.jpg,1,0,0,0,0,0,"СВАО Мелиховская улица, дом 2",P'¥N_hd_SVAO_3426_1,"28 сент. 2021, 08:03:22",55.92889588449648,37.61985530687122
А93.jpg,1,0,0,0,0,0,"ЦАО Верхняя Сыромятническая улица, дом 2",PVN_hd_SAQ_3371_1,23 сент. 2021. 13:19:26,54.49650457835916,37.13087617548701
B24.jpg,1,1,0,3,a dachshund,1,"ЦАО Верхняя Сыромятническая улица, дом 2",PVN_hd_SAQ_3371_1,23 сент. 2021. 13:19:26,56.974734103881545,37.84465313062553
B102.jpg,1,0,0,0,0,0,"ЦАО Верхняя Сыромятническая улица, дом 2",PVN_hd_SAQ_3371_1,23 сент. 2021. 13:19:26,55.441893437154015,37.36432471429836
С64.jpg,1,1,0,3,a dachshund,1,"ЦАО Верхняя Сыромятническая улица, дом 2",P'¥N_hd_TSAO_3647_1,23 сент. 2021. 13:19:26,56.90311614291592,36.99849898777916
B23.jpg,1,1,0,3,a dachshund,1,"ЦАО Верхняя Сыромятническая улица, дом 2",PVN_hd_SAQ_3371_1,23 сент. 2021. 13:19:26,55.318643185593686,36.478501492886124
B32.jpg,1,1,0,1,a doberman,1,"СВАО Новоалексеевская улица, дом 5А",P'¥N_hd_SVAO_3040_1,es ae 2021. 08:21:45,55.732676905605906,37.65814025999796
B37.jpg,0,0,0,0,0,0,"ЦАО Верхняя Сыромятническая улица, дом 2",P¥N_hd_SVAO_3498 4,"28 сент. 2021, 07:27:05",55.69555375902539,37.23863995911229
А16.jpg,1,0,0,0,0,0,"САО Ленинградский проспект, дом 35",УММ_$5АО_027_7,"27 сент. 2021, 09:09:05",55.50793673291278,37.229196336833915
С89.jpg,1,1,0,1,a toy terrier,1,"ЦАО Верхняя Сыромятническая улица, дом 2",P'V¥N_hd_TSAO_3647_1,23 сент. 2021. 13:19:26,55.646662743057554,38.47038067348289
B41.jpg,1,1,0,1,a labrador,2,"СВАО Новоалексеевская улица, дом 5А",P'¥N_hd_SVAO_3040_1,"05 окт. 2021, 08:14:29",55.67047146338934,38.71405377424181
А82.jpg,0,0,0,0,0,0,"ЦАО Верхняя Сыромятническая улица, дом 2",PVN_hd_SAQ_3371_1,23 сент. 2021. 13:19:26,56.25397716179627,37.623829862628575
С96.jpg,1,0,0,0,0,0,"ЦАО Центросоюзный переулок, дом 4",PVN_hd_TSAO_3647_1,"01 окт. 2021, 05:50:13",56.20483691048085,37.091121608990534
B39.jpg,1,1,0,1,a labrador,2,"ЦАО Верхняя Сыромятническая улица, дом 2",PVN_hd_SAQ_3371_1,23 сент. 2021. 13:19:26,55.465224610484256,37.413139983825715
С27.jpg,0,0,0,0,0,0,"ЦАО Центросоюзный переулок, дом 4",PVN_hd_TSAO_3647_1,"29 сент. 2021, 05:35:02",55.91679202139077,37.31374796825435
B52.jpg,1,1,1,1,a labrador,2,"СВАО улица Корнейчука, дом 414",PVN_hd_SAQ_3371_1,"28 сент. 2021, 18:08:01",55.785702177524584,37.8121291947139
B103.jpg,0,0,0,0,0,0,"ЮЗАО улица Академика Семёнова, дом 3",PVN_hd_UZAQ_8740_4,23 сент. 2021. 13:19:26,55.07662381497151,37.701531942638965
B78.jpg,1,0,0,0,0,0,"ЦАО Верхняя Сыромятническая улица, дом 2",PVN_hd_SAQ_3371_1,23 сент. 2021. 13:19:26,55.96068709343337,36.66446374267851
B101.jpg,0,0,0,0,0,0,"ЦАО Верхняя Сыромятническая улица, дом 2",РУМЧ_В9 ЦУАО_8772_3,"27 сент. 2021, 17:26:11",56.37403968851584,37.382853001376965
B90.jpg,0,0,0,0,0,0,"ЦАО Верхняя Сыромятническая улица, дом 2",PVN_hd_SAQ_3371_1,"27 сент. 2021, 07:11:36",54.56566273908415,36.97015786934176
А36.jpg,1,1,0,3,a shiba inu,1,"СЗАО улица Исаковского, дом 28, корпус 1",P'¥N_hd_SZA0_5745_1,"28 сент. 2021, 07:32:05",55.69854771844562,38.0094739198843
B25.jpg,0,0,0,0,0,0,"ЦАО Верхняя Сыромятническая улица, дом 2",PVN_hd_SAQ_3371_1,23 сент. 2021. 13:19:26,55.12766495609702,37.08460359337017
B59.jpg,1,1,1,1,a rottweiler,1,"ЦАО Верхняя Сыромятническая улица, дом 2",PVN_hd_SAQ_3371_1,23 сент. 2021. 13:19:26,55.90546835158923,37.04902914768071
С48.jpg,0,0,0,0,0,0,"ЦАО Верхняя Сыромятническая улица, дом 2",PVN_hd_SAQ_3371_1,23 сент. 2021. 13:19:26,55.56095314352455,36.6622239223113
С25.jpg,0,0,0,0,0,0,"ЦАО Верхняя Сыромятническая улица, дом 2",PVN_hd_SAQ_3371_1,23 сент. 2021. 13:19:26,55.76550881301071,37.92374914830575
А10.jpg,0,0,0,0,0,0,"САО Ленинградский проспект, дом 35",ЦМЧ_ЗАО_027_2,23 сент. 2021. 13:19:26,55.62867718573486,37.02695096447986
А31.jpg,1,0,0,0,0,0,"ЦАО Верхняя Сыромятническая улица, дом 2",PVN_hd_SAQ_3371_1,23 сент. 2021. 13:19:26,56.802211212968004,37.68620505119911
B43.jpg,1,1,0,1,a border collie,2,"СВАО улица Корнейчука, дом 414",PVN_hd_SAQ_3371_1,"28 сент. 2021, 08:23:37",56.2083728207361,37.87772323116771
А67.jpg,0,0,0,0,0,0,"ЦАО Верхняя Сыромятническая улица, дом 2",PVN_hd_SAQ_3371_1,23 сент. 2021. 13:19:26,55.26587718278427,38.058043608819546
С92.jpg,1,0,0,0,0,0,"САО Левобережная улица, дом 4, корпус 12",P'¥N_hd_SAO_6159_54,"01 окт. 2021, 06:37:12",55.331260719073704,37.55731154991353
B44.jpg,1,1,1,3,a doberman,1,"ЦАО Верхняя Сыромятническая улица, дом 2",PVN_hd_SAQ_3371_1,23 сент. 2021. 13:19:26,56.09761085968172,36.65103676270486
А68.jpg,0,0,0,0,0,0,"ЗАО Филёвский бульвар, дом 15",P'¥N_hd_ZA0_10482_1,"28 сент. 2021, 08:24:56",55.15585834864741,38.03863521159212
С24.jpg,1,0,0,0,0,0,"САО Левобережная улица, дом 4, корпус 12",PVN_hd_SAO_6159_54,"04 окт. 2021, 06:43:04",55.42896051397976,37.77742242227598
B26.jpg,1,1,1,3,a basset hound,2,"ЦАО Верхняя Сыромятническая улица, дом 2",PVN_hd_SAQ_3371_1,23 сент. 2021. 13:19:26,55.23976609817688,36.972017627486835
А96.jpg,1,1,1,1,a borzoi,2,"ЦАО Верхняя Сыромятническая улица, дом 2",P'¥N_hd_UZAO_8352_4,"27 ceHT. 2021, 07:45:04",55.50195640519009,38.22456407180913
B70.jpg,1,1,0,2,a borzoi,2,"ЦАО Верхняя Сыромятническая улица, дом 2",PVN_hd_TSAO_5300_3,"28 сент. 2021, 09:23:53",55.64250241557389,37.54924600199676
B27.jpg,1,1,0,2,a basset hound,2,"СВАО Мелиховская улица, дом 2",P'¥N_hd_SVAO_3426_1,"28 сент. 2021, 09:21:58",55.15305357279782,37.79072673027823
А11.jpg,1,1,0,2,a corgi,1,"САО Ленинградский проспект, дом 35",УММЧ_$АО_027_2,"27 сент. 2021, 07:31:09",56.298923386846084,37.016739160419256
С62.jpg,1,0,0,0,0,0,"ЦАО Верхняя Сыромятническая улица, дом 2",PVN_hd_SAQ_3371_1,23 сент. 2021. 13:19:26,55.66318937040817,38.455748750839625
B57.jpg,1,1,1,2,a borzoi,2,"ЦАО Верхняя Сыромятническая улица, дом 2",PVN_hd_SAQ_3371_1,23 сент. 2021. 13:19:26,55.650776710969915,37.26393389799945
B60.jpg,1,0,0,0,0,0,"СВАО улица Бориса Галушкина, дом 18",P'V¥N_hd_SVAO_3081_5,"[= Ба 2021, 09:00:38",56.2177529502284,37.325179959922195
А79.jpg,1,1,0,2,a French Bulldog,1,"ЦАО Верхняя Сыромятническая улица, дом 2",PVN_hd_SAQ_3371_1,23 сент. 2021. 13:19:26,55.30933083081775,37.815395726143755
А59.jpg,0,0,0,0,0,0,"ЦАО Верхняя Сыромятническая улица, дом 2",PVN_hd_SAQ_3371_1,23 сент. 2021. 13:19:26,55.58542019143825,38.1353091943566
B115.jpg,1,1,1,2,a husky,2,"СВАО улица Бориса Галушкина, дом 25",PVN_hd_SVAQ_3087_5,"05 окт. 2021, 08:07:36",55.89288690633624,38.10747332734331
А26.jpg,1,0,0,0,0,0,"САО Ленинградский проспект, дом 35",ЦМЧ_ЗАО_027_8,23 сент. 2021. 13:19:26,56.08783133485311,38.01403321292655
А90.jpg,1,1,0,2,a husky,2,"ЦАО Верхняя Сыромятническая улица, дом 2",PVN_hd_SAQ_3371_1,23 сент. 2021. 13:19:26,55.77023539609545,37.75080158730436
А95.jpg,1,1,0,1,a rottweiler,1,"ЮАО Домодедовская улица, дом 24, корпус 4",РУМ_В9 ЦАО_2565_1,"04 окт. 2021, 07:15:43",55.42899946660871,37.72144837922052
B69.jpg,1,1,0,2,a pekingese,1,"ЦАО Верхняя Сыромятническая улица, дом 2",PVN_hd_TSAO_5300_3,"28 сент. 2021, 09:22:38",55.51563598128193,37.747257197340346
А87.jpg,1,1,0,2,a husky,2,"ЮЗАО Севастопольский проспект, дом 50/11",P'¥N_hd_UZAO_8297_1,"27 сент. 2021, 07:58:55",56.22041508333697,37.89396727541045
С32.jpg,0,0,0,0,0,0,"САО Левобережная улица, дом 4, корпус 12",PVN_hd_SAO_6159_54,"04 окт. 2021, 06:43:12",55.72878430783046,37.66156074616137
B82.jpg,0,0,0,0,0,0,"ЦАО Верхняя Сыромятническая улица, дом 2",PVN_hd_SAQ_3371_1,23 сент. 2021. 13:19:26,55.82133073097332,37.6018877006109
А53.jpg,1,0,0,0,0,0,"ЗАО улица Крылатские Холмы, дом 32, корпус",РУМ_В9 7АО_9544_4,"28 сент. 2021, 07:55:41",56.58144320382627,37.575581919022014
А102.jpg,1,1,0,2,a husky,2,"ЦАО Верхняя Сыромятническая улица, дом 2",PVN_hd_SAQ_3371_1,23 сент. 2021. 13:19:26,55.98131482554793,37.69619468075005
А34.jpg,1,1,0,2,a borzoi,2,"СЗАО улица Исаковского, дом 28, корпус 1",P'¥N_hd_SZA0_5745_1,"28 сент. 2021, 06:55:42",54.83889861060105,38.22586325261888
А72.jpg,1,1,0,1,a border collie,2,"ЮАО Днепропетровская улица, дом 31",PVN_hd_SAQ_3371_1,"27 сент. 2021, 07:06:41",54.782690186762025,37.67775450393899
А21.jpg,1,0,0,0,0,0,"САО Ленинградский проспект, дом 35",УММ_$5АО_027_7,"27 сент. 2021, 06:56:06",55.798363374616976,37.83469539191396
С44.jpg,1,1,0,2,a labrador,2,"ЦАО Верхняя Сыромятническая улица, дом 2",PVN_hd_SAQ_3371_1,23 сент. 2021. 13:19:26,55.49890881745805,37.329833942545015
B11.jpg,1,1,1,2,a French Bulldog,1,"ЦАО Верхняя Сыромятническая улица, дом 2",PVN_hd_SAQ_3371_1,23 сент. 2021. 13:19:26,55.59970603853508,37.363929644353924
А8.jpg,1,0,0,0,0,0,"ЦАО Верхняя Сыромятническая улица, дом 2",PVN_hd_SAQ_3371_1,23 сент. 2021. 13:19:26,55.05285779097754,38.05931630077433
B65.jpg,1,1,1,2,a borzoi,2,"ЦАО Верхняя Сыромятническая улица, дом 2",PVN_hd_TSAO_5300_3,"28 сент. 2021, 08:26:15",55.94209536749726,38.25782304063394
B117.jpg,1,1,0,2,a caucasian shepherd dog,1,"ЦАО Верхняя Сыромятническая улица, дом 2",PVN_hd_SAQ_3371_1,23 сент. 2021. 13:19:26,56.57329368998349,37.68962528946235
А27.jpg,1,1,0,2,a labrador,2,"ЦАО Верхняя Сыромятническая улица, дом 2",PVN_hd_SAQ_3371_1,23 сент. 2021. 13:19:26,55.53881027796981,37.662923688934356
B84.jpg,1,0,0,0,0,0,"СВАО улица Бориса Галушкина, дом 25",P'¥N_hd_SVAO_3087_5,"05 окт. 2021, 07:47:15",54.93505489378965,38.56560127100531
А28.jpg,0,0,0,0,0,0,"САО Ленинградский проспект, дом 35",ЦМЧ_ЗАО_027_8,"27 сент. 2021, 08:15:34",56.43605623611865,38.3236076575167
А91.jpg,1,1,1,2,a borzoi,2,"ЦАО Верхняя Сыромятническая улица, дом 2",PVN_hd_SAQ_3371_1,23 сент. 2021. 13:19:26,55.934341722522845,37.72627690127619
А13.jpg,0,0,0,0,0,0,"ЦАО Верхняя Сыромятническая улица, дом 2",PVN_hd_SAQ_3371_1,23 сент. 2021. 13:19:26,55.36669600760318,37.847195841452844
B45.jpg,1,1,0,2,a toy terrier,1,"ЦАО Верхняя Сыромятническая улица, дом 2",PVN_hd_SAQ_3371_1,"28 сент. 2021, 08:27:01",56.11121387905635,37.94413718901194
С36.jpg,1,1,0,2,a borzoi,2,"ЮАО 1-й Нижний Михайловский проезд, дом |",PVN_hd_UAO_7270_3,"29 сент. 2021, 06:48:15",55.92898492269569,37.788321110811836
B83.jpg,0,0,0,0,0,0,"СВАО улица Бориса Галушкина, дом 18",P'V¥N_hd_SVAO_3081_5,"05 окт. 2021, 08:03:42",56.49542781015453,37.420512099949775
А43.jpg,0,0,0,0,0,0,"ЦАО Шелепихинская набережная, дом 22",P'¥N_hd_TSAO_4915_2,"28 сент. 2021, 07:04:28",56.21523737921797,37.6009768451586
B33.jpg,1,1,0,2,a samoyed,2,"СВАО проспект Мира, дом 182, корпус 3",P'¥N_hd_SVAO_3055_1,"05 окт. 2021, 08:15:52",56.301391883430135,36.632567659058914
А99.jpg,1,1,0,2,a samoyed,2,"ЮЗАО улица Каховка, дом 18, корпус 5",P'¥N_hd_UZAO_8352_4,27 сент. 2021. 08:09:03,56.052277332782,36.44894091214926
С37.jpg,1,1,1,2,a Pomeranian dog,1,"ЮАО 1-й Нижний Михайловский проезд, дом |",PVN_hd_UAO_7270_3,23 сент. 2021. 13:19:26,55.47516759848906,37.32236332791341
А52.jpg,1,1,0,2,a borzoi,2,"ЦАО Верхняя Сыромятническая улица, дом 2",P'V¥N_hd_TSAO_4915_2,"28 сент. 2021, 08:02:18",55.99914202605981,37.09696573728279
B94.jpg,0,0,0,0,0,0,"СВАО проезд Черского, дом 5",P'¥N_hd_SVAO_1325_1,23 сент. 2021. 13:19:26,56.04164315299059,38.74667430183982
B116.jpg,1,1,1,2,a doberman,1,"ЦАО Верхняя Сыромятническая улица, дом 2",PVN_hd_SAQ_3371_1,23 сент. 2021. 13:19:26,55.62638898075729,37.50218173233291
А9.jpg,1,1,0,2,a labrador,2,"ЦАО Верхняя Сыромятническая улица, дом 2",PVN_hd_SAQ_3371_1,23 сент. 2021. 13:19:26,55.28746769747876,37.11882590443745
B6.jpg,1,1,0,2,a Pomeranian dog,1,"СВАО улица Академика Королёва, дом 28, кор",P'¥N_hd_SVAO_1652_1,23 сент. 2021. 13:19:26,54.84874130960472,37.719366921884465
А51.jpg,1,1,0,2,a labrador,2,"ЦАО Верхняя Сыромятническая улица, дом 2",PVN_hd_SAQ_3371_1,23 сент. 2021. 13:19:26,56.37467268683988,38.69254386498385
А74.jpg,1,1,0,3,a Pomeranian dog,1,"ЮЗАО улицайкадемика Варги, дом 28",P'¥N_hd_UZAO_1100_15,"04 окт. 2021, 07:38:23",55.67666497242879,38.49100283654596
С57.jpg,0,0,0,0,0,0,"САО Левобережная улица, дом 4, корпус 12",P'¥N_hd_SAO_6159_54,"29 сент. 2021, 07:19:23",55.54283823687062,37.910447426711286
А41.jpg,1,1,0,2,a samoyed,2,"ЦАО Шелепихинская набережная, дом 22",P'V¥N_hd_TSAO_4915_2,"28 сент. 2021, 06:58:39",56.648023167932394,38.06145045059933
B46.jpg,1,1,1,3,a labrador,2,"СВАО проспект Мира, дом 182, корпус 3",P'¥N_hd_SVAO_3055_1,"05 окт. 2021, 08:52:25",54.4510345003327,37.88529987696775
С73.jpg,1,0,0,0,0,0,"САО Левобережная улица, дом 4, корпус 12",P'¥N_hd_SAO_6159_54,"29 сент. 2021, 07:35:18",55.6887960724337,36.67342839476092
С70.jpg,0,0,0,0,0,0,"ЦАО Верхняя Сыромятническая улица, дом 2",PVN_hd_SAQ_3371_1,23 сент. 2021. 13:19:26,55.86180772606176,38.03074458314229
А44.jpg,1,0,0,0,0,0,"ЦАО Шелепихинская набережная, дом 22",P'¥N_hd_TSAO_4915_2,"28 сент. 2021, 07:08:52",55.17188999007676,37.9402888536232
B56.jpg,1,0,0,0,0,0,"ЦАО Верхняя Сыромятническая улица, дом 2",PVN_hd_SAQ_3371_1,23 сент. 2021. 13:19:26,56.57364979923697,37.2658787354102
А61.jpg,1,1,1,1,a labrador,2,"ЗАО улица Крылатские Холмы, дом 32, корпус",РУМ_НЯ 7АС_9544_4,"28 сент. 2021, 07:45:09",55.43020838299421,37.781867027398846
А15.jpg,1,1,1,2,a French Bulldog,1,"САО Ленинградский проспект, дом 35",УММ_$АО_027_2,"27 сент. 2021, 08:53:48",55.57856099004801,37.38663310569671
B58.jpg,1,1,1,2,a borzoi,2,"ЦАО Верхняя Сыромятническая улица, дом 2",PVN_hd_TSAO_5300_3,"28 сент. 2021, 07:24:20",55.16180673332957,36.436760656946234
С26.jpg,1,0,0,0,0,0,"ЦАО Центросоюзный переулок, дом 4",PVN_hd_TSAO_3647_1,"29 сент. 2021, 05:35:00",55.43822635723026,38.131111870015644
С91.jpg,1,0,0,0,0,0,"САО Левобережная улица, дом 4, корпус 12",P'V¥N_hd_SAO_6159_54,"01 окт. 2021, 06:35:31",56.28817658955208,38.23854700031406
А92.jpg,1,1,1,1,a cocker spaniel,1,"ЮЗАО Севастопольский проспект, дом 50/11",PVN_hd_UZAG_8297_1,"ИА 2021, 07:21:56",55.82200556822981,36.882380060781934
B81.jpg,0,0,0,0,0,0,"ЦАО Верхняя Сыромятническая улица, дом 2",PVN_hd_SAQ_3371_1,23 сент. 2021. 13:19:26,56.555842393605495,37.17419063606096
С88.jpg,1,1,1,1,a rottweiler,1,"ЦАО Верхняя Сыромятническая улица, дом 2",P'¥N_hd_TSAO_3647_1,23 сент. 2021. 13:19:26,55.37618037641061,37.82005872860917
С60.jpg,1,1,1,1,a labrador,2,"ЦАО Верхняя Сыромятническая улица, дом 2",P'¥N_hd_TSAO_3647_1,23 сент. 2021. 13:19:26,56.374684411844946,37.83552205280027
С45.jpg,1,1,1,2,a st. bernard,2,"САО Ленинградское шоссе, дом 35",PVN_hd_SAQ_3371_1,"ОБ окт. 2021, 11:42:10",56.22975320038605,37.77962163700881
С58.jpg,1,0,0,0,0,0,"САО Левобережная улица, дом 4, корпус 12",P'V¥N_hd_SAO_6159_54,29 сент. 2021. 07:19:25,54.95377393708441,37.901790492611894
А24.jpg,1,0,0,0,0,0,"САО Ленинградский проспект, дом 35",ЦМЧ_ЗАО_027_8,"27 сент. 2021, 05:53:49",54.698325046350334,37.34288940944622
С97.jpg,1,0,0,0,0,0,"ЦАО Центросоюзный переулок, дом 4",PVN_hd_TSAO_3647_1,"tani OKT. 2021, 06:50:16",55.76500097066668,37.43868392144432
А14.jpg,1,1,1,2,a corgi,1,"САО Ленинградский проспект, дом 35",УММ_$АО_027_2,"27 сент. 2021, 08:07:48",56.276362859585284,37.93073030080633
С46.jpg,1,0,0,0,0,0,"САО Левобережная улица, дом 4, корпус 12",P'V¥N_hd_SAO_6159_54,23 сент. 2021. 13:19:26,54.76199233124359,37.52823057757161
B38.jpg,1,1,1,1,a toy terrier,1,"СВАО улица Корнейчука, дом 414",PVN_hd_SAQ_3371_1,"28 сент. 2021, 07:30:54",55.8578219224537,38.13645187223859
С66.jpg,0,0,0,0,0,0,"ЦАО Верхняя Сыромятническая улица, дом 2",P'¥N_hd_TSAO_3647_1,"29 сент. 2021, 07:20:48",56.819624478106554,37.784288942769955
B29.jpg,1,1,1,2,a jack russell terrier,2,"ЦАО Верхняя Сыромятническая улица, дом 2",P'¥N_hd_SVAO_3426_1,"28 сент. 2021, 09:59:28",56.335258866137,37.80153535358957
А65.jpg,1,1,1,2,a deutscher boxer,1,"ЗАО Филёвский бульвар, дом 15",P'¥N_hd_ZAO_10482_1,"28 сент. 2021, 07:09:07",56.30970718391691,37.74973524656662
B68.jpg,1,1,1,2,a deutscher boxer,1,"ЦАО Верхняя Сыромятническая улица, дом 2",PVN_hd_TSAO_5300_3,"28 сент. 2021, 09:22:34",55.623778554058084,38.04125984017614
С43.jpg,0,0,0,0,0,0,"САО Левобережная улица, дом 4, корпус 12",P'V¥N_hd_SAO_6159_54,29 сент. 2021. 06:56:37,56.10940384107778,37.133561693501086
А69.jpg,1,1,1,2,a borzoi,2,"ЗАО Филёвский бульвар, дом 15",P'¥N_hd_ZAO_10482_1,"28 сент. 2021, 07:57:51",55.65601464670769,37.94052660000127
С84.jpg,0,0,0,0,0,0,"ЦАО Верхняя Сыромятническая улица, дом 2",P'¥N_hd_TSAO_3647_1,23 сент. 2021. 13:19:26,55.42886493636265,37.3420965466523
С56.jpg,1,1,1,2,a border collie,2,"САО Левобережная улица, дом 4, корпус 12",P'V¥N_hd_SAO_6159_54,"29 сент. 2021, 07:13:57",55.73492056271222,37.11267463882029
С86.jpg,0,0,0,0,0,0,"ВАО улица Сокольнический Вал, дом 1, строение 1",РАВК_\/А0_197_14_57,29 сент. 2021. 06:55:12,55.89607493244143,38.08064871874338
С51.jpg,1,1,1,2,a labrador,2,"ЮАО 1-й Нижний Михайловский проезд, дом |",PVN_hd_UAO_7270_3,a) cara 05:54:26,55.97363625379739,38.06364313952465
А32.jpg,0,0,0,0,0,0,"ЦАО Верхняя Сыромятническая улица, дом 2",PVN_hd_SAQ_3371_1,23 сент. 2021. 13:19:26,56.09604971611754,38.72788343165563
B31.jpg,1,1,1,1,a german shepherd,2,"СВАО Мелиховская улица, дом 2",PVN_hd_SVAG_3426_1,"28 сент. 2021, 17:12:15",55.599072183141985,36.6014059889618
А42.jpg,0,0,0,0,0,0,"ЦАО Шелепихинская набережная, дом 22",P'¥N_hd_TSAO_4915_2,"28 сент. 2021, 07:03:00",55.870175010942376,37.202288618481646
С63.jpg,0,0,0,0,0,0,"ЦАО Верхняя Сыромятническая улица, дом 2",P'¥N_hd_TSAO_3647_1,"O4 okt. 2021, 06:54:35",55.999515962690644,37.90935728105155
А57.jpg,1,1,1,2,a labrador,2,"ЗАО улица Крылатские Холмы, дом 32, корпус",РУМ_НЯ 7АС_9544_4,"28 сент. 2021, 08:19:23",55.50571614431697,38.321999693777165
А75.jpg,1,1,1,1,a toy terrier,1,"ЮАО Чертановская улица, дом 8, корпус 1",P'V¥N_hd_UAG_2409_1,27 сент. 2021. 07:08:40,55.12536517689399,37.29936440789804
С49.jpg,0,0,0,0,0,0,"САО Левобережная улица, дом 4, корпус 12",P'V¥N_hd_SAO_6159_54,"29 сент. 2021, 07:03:23",55.596394664240435,37.48096029479154
С76.jpg,1,0,0,0,0,0,"САО Левобережная улица, дом 4, корпус 12",P'V¥N_hd_SAO_6159_54,"29 сент. 2021, 07:51:03",55.98393630704093,37.94525487714195
С69.jpg,0,0,0,0,0,0,"ЦАО Верхняя Сыромятническая улица, дом 2",P'¥N_hd_TSAO_3647_1,23 сент. 2021. 13:19:26,55.3318436926027,37.22701746727594
С29.jpg,0,0,0,0,0,0,"САО Левобережная улица, дом 4, корпус 12",P'V¥N_hd_SAO_6159_54,"Зв 2021, 06:43:06",55.616590913839225,37.31328515673642
С53.jpg,0,0,0,0,0,0,"САО Левобережная улица, дом 4, корпус 12",P'V¥N_hd_SAO_6159_54,"24 сент. 2021, 13:57:28",56.014924862892435,37.71113594703831
А47.jpg,0,0,0,0,0,0,"ЦАО Шелепихинская набережная, дом 22",P'¥N_hd_TSAO_4915_2,"28 сент. 2021, 07:13:26",55.278963963409055,37.71285897706542
С41.jpg,1,1,1,3,a shiba inu,1,"ЮАО 1-й Нижний Михайловский проезд, дом |",P¥N_hd_UAG_7270_3,"29 сент. 2021, 06:51:10",55.32035693826635,37.332044011127884
B35.jpg,1,1,1,1,a doberman,1,"СВАО улица Корнейчука, дом 414",PVN_hd_SAQ_3371_1,"28 сент. 2021, 07:16:11",56.46968110957256,38.04979493950095
А70.jpg,1,0,0,0,0,0,"ЮАО Днепропетровская улица, дом 31",PVN_hd_SAQ_3371_1,"| 27 сент. 2021, 07:12:28",56.35963404207795,38.27818883208622
А22.jpg,1,1,1,2,a pug,1,"САО Ленинградский проспект, дом 35",Архив УММ_$5АО_027_7,"Е сент. 2021, 07:30:42",55.57783299363995,37.082725026255005
А45.jpg,0,0,0,0,0,0,"ЦАО Шелепихинская набережная, дом 22",P'¥N_hd_TSAO_4915_2,"28 сент. 2021, 08:28:51",55.95424891000359,38.07162574484529
С30.jpg,1,1,0,1,a newfoundland,2,"ЦАО Верхняя Сыромятническая улица, дом 2",P'¥N_hd_TSAO_3647_1,23 сент. 2021. 13:19:26,56.60284002996069,37.569272314885126
С79.jpg,1,0,0,0,0,0,"ЦАО Миусская площадь, дом 5",PVN_hd TSAO _5467_1,"29 сент. 2021, 06:36:46",55.888714575419485,37.44420247820226
С83.jpg,1,0,0,0,0,0,"ВАО улица Преображенский Вал, дом 24, корп",РУМ_НЯ МАО_5390_22,"29 сент. 2021, 06:39:37",54.85286385469567,37.397995446206686
B72.jpg,1,1,1,2,a borzoi,2,"ЦАО Верхняя Сыромятническая улица, дом 2",PVN_hd_TSAO_5300_3,"28 сент. 2021, 10:07:40",55.43159628460545,37.37790504058898
А84.jpg,1,1,1,2,a labrador,2,"ЮЗАО улица Каховка, дом 5, корпус 4",P¥N_hd_UZAO_7277_1,"а сент. 2021, 07:06:22",55.2959906353567,37.71102607394996
А35.jpg,0,0,0,0,0,0,"СЗАО улица Исаковского, дом 28, корпус 1",P'¥N_hd_SZA0_5745_1,"28 сент. 2021, 07:45:37",55.8818884786525,37.6642034061297
А18.jpg,0,0,0,0,0,0,"ЦАО Верхняя Сыромятническая улица, дом 2",PVN_hd_SAQ_3371_1,23 сент. 2021. 13:19:26,56.12086387475358,37.89142410544889
С93.jpg,1,0,0,0,0,0,"САО Левобережная улица, дом 4, корпус 12",P'V¥N_hd_SAO_6159_54,"01 окт. 2021, 06:37:12",56.19153663705513,37.6683407922372
B21.jpg,1,1,1,2,a labrador,2,"СВАО Мелиховская улица, дом 2",PVN_hd_SVAG_3426_1,"28 сент. 2021, 08:07:54",56.550010529811004,38.19329437343977
А2.jpg,1,1,1,1,a labrador,2,"ЦАО Верхняя Сыромятническая улица, дом 2",P'VN_hd_SZAO_36_3,23 сент. 2021. 13:19:26,55.828720328871555,37.800401169995304
С85.jpg,0,0,0,0,0,0,"ЦАО Верхняя Сыромятническая улица, дом 2",РАВК_\АО_197_14_30,"29 сент. 2021, 05:50:43",55.258872473278885,38.03019178414847
С74.jpg,0,0,0,0,0,0,"ЮАО 1-й Нижний Михайловский проезд, дом |",P¥N_hd_UAG_7270_3,"Fa | ue 2021, 07:38:37",55.179437833512274,37.76973999712876
B22.jpg,1,1,1,1,a basset hound,2,"СВАО Мелиховская улица, дом 2",P'¥N_hd_SVAO_3426_1,"28 сент. 2021, 08:31:02",56.39051248255192,38.21876720743517
А63.jpg,1,1,1,3,a rottweiler,1,"ЗАО улица Крылатские Холмы, дом 32, корпус",РУМ_НЯ 7АС_9544_4,"28 сент. 2021, 07:27:03",55.32999249064294,37.1872790235318
С99.jpg,1,1,1,2,a jack russell terrier,2,"ЦАО Центросоюзный переулок, дом 4",PVN_hd_TSAO_3647_1,"01 OKT. 2021, 06:51:08",56.033612927384276,37.994778814018744
С28.jpg,1,0,0,0,0,0,"ЦАО Верхняя Сыромятническая улица, дом 2",P'¥N_hd_TSAO_3647_1,23 сент. 2021. 13:19:26,56.2488002109657,38.08476586843455
А29.jpg,1,1,1,2,a bichon frise,1,"САО Ленинградский проспект, дом 35",ЦМЧ_ЗАО_027_8,"27 сент. 2021, 08:39:57",55.58212949110484,37.34415679084937
B28.jpg,0,0,0,0,0,0,"СВАО Мелиховская улица, дом 2",P'¥N_hd_SVAO_3426_1,"28 сент. 2021, 09:43:47",55.62662466829086,37.614185934275646
B8.jpg,0,0,0,0,0,0,"ЦАО Верхняя Сыромятническая улица, дом 2",PVN_hd_SAQ_3371_1,23 сент. 2021. 13:19:26,55.81084793014885,38.43213105885642
B109.jpg,1,1,0,1,a border collie,2,"ЦАО Верхняя Сыромятническая улица, дом 2",PVN_hd_TSAO_5300_3,"26 сент. 2021, 15:44:28",55.725008597241015,37.64239651617407
С39.jpg,1,1,0,3,a dachshund,1,"ЮАО 1-й Нижний Михайловский проезд, дом |",P¥N_hd_UAG_7270_3,"29 Е 2021, 06:49:46",55.54134212607923,37.45342962303864
B79.jpg,1,0,0,0,0,0,"СВАО проспект Мира, дом 182, корпус 3",P'¥N_hd_SVAO_3055_1,"05 окт. 2021, 08:56:58",55.507400437789954,37.740732384403195
B73.jpg,0,0,0,0,0,0,"ЦАО Верхняя Сыромятническая улица, дом 2",PVN_hd_TSAO_5300_3,"28 сент. 2021, 10:08:28",55.04478942255179,38.17062090147453
B62.jpg,0,0,0,0,0,0,"ЦАО Верхняя Сыромятническая улица, дом 2",PVN_hd_TSAO_5300_3,"28 сент. 2021, 07:58:03",55.67822691481477,37.40922652546345
B105.jpg,1,0,0,0,0,0,"ЦАО Верхняя Сыромятническая улица, дом 2",PVN_hd_SAQ_3371_1,23 сент. 2021. 13:19:26,55.802557090382784,37.25529430424986
B61.jpg,1,0,0,0,0,0,"ЦАО Верхняя Сыромятническая улица, дом 2",PVN_hd_TSAO_5300_3,"28 сент. 2021, 07:57:06",55.47581170713988,37.95080542113967
B15.jpg,1,0,0,0,0,0,"СВАО Мелиховская улица, дом 2",P'¥N_hd_SVAO_3426_1,"28 сент. 2021, 07:32:38",55.360021779061285,37.45976008675998
А46.jpg,0,0,0,0,0,0,"ЦАО Шелепихинская набережная, дом 22",P'¥N_hd_TSAO_4915_2,"28 сент. 2021, 08:07:03",55.858370282805744,36.8126719501701
А77.jpg,1,1,0,2,a doberman,1,"ЮАО Чертановская улица, дом 8, корпус 1",P'V¥N_hd_UAG_2409_1,27 сент. 2021. 08:15:01,56.68195872956382,37.38026630926032
А101.jpg,1,0,0,0,0,0,"ЮАО Касимовская улица, дом 7, корпус 1",P'V¥N_hd_UAG_1412 4,23 сент. 2021. 13:19:26,55.71396755208321,36.78376138515255
С78.jpg,1,0,0,0,0,0,"ЦАО Верхняя Сыромятническая улица, дом 2",PVN_hd_SAQ_3371_1,23 сент. 2021. 13:19:26,55.378926372210316,38.37464967106725
С100.jpg,0,0,0,0,0,0,"1-й Амбулаторный проезд, дом 7, корпус 3",РУМ_Н9 $АО_2559_3,".T. 2021, 07:05:51",55.55169018317785,37.582278232738815
B85.jpg,0,0,0,0,0,0,"ЦАО Малая Пионерская улица, дом 23-31, стро",PVN_hd TSAO _3847_1,"27 сент. 2021, 07:21:17",55.05360489401843,37.132269402630364
А85.jpg,0,0,0,0,0,0,"ЮЗАО улица Каховка, дом 5, корпус 4",P¥N_hd_UZAO_7277_1,"27 сент. 2021, 07:15:23",56.63285838505786,37.49856163994369
B108.jpg,1,0,0,0,0,0,"СВАО проспект Мира, дом 182, корпус 3",P'¥N_hd_SVAO_3055_1,"01 окт. 2021, 14:02:30",55.687772984657144,37.83763973806258
С38.jpg,1,1,0,3,a labrador,2,"ЦАО Верхняя Сыромятническая улица, дом 2",PVN_hd_SAQ_3371_1,23 сент. 2021. 13:19:26,56.36897990780577,38.14936232292892
B13.jpg,1,0,0,0,0,0,"СВАО Мелиховская улица, дом 2",PVN_hd_SVAG_3426_1,"28 сент. 2021, 07:08:15",56.89208292564962,37.95978869720995
B95.jpg,1,0,0,0,0,0,"СВАО проезд Черского, дом 5",P'¥N_hd_SVAO_1325_1,"27 сент. 2021, 07:28:08",56.315290876791,37.0899692506051
B67.jpg,1,0,0,0,0,0,"ЦАО Верхняя Сыромятническая улица, дом 2",PVN_hd_TSAO_5300_3,"28 сент. 2021, 08:34:05",55.01880286845591,38.86488069341603
B106.jpg,0,0,0,0,0,0,"ЦАО Верхняя Сыромятническая улица, дом 2",PVN_hd_SAQ_3371_1,23 сент. 2021. 13:19:26,55.438676966608085,37.24504274183614
А89.jpg,1,0,0,0,0,0,"ЮЗАО Севастопольский проспект, дом 50/11",P'¥N_hd_UZAO_8297_1,23 сент. 2021. 13:19:26,56.17793234300291,37.04403781719895
С101.jpg,0,0,0,0,0,0,"САО 1-й Амбулаторный проезд, дом 7, корпус",P'V¥N_hd_SAGQ_2559_3,"04 окт. 2021, 07:05:02",56.73421222989478,37.81253036936094
B3.jpg,1,0,0,0,0,0,"СВАО улица Академика Королёва, дом 28, кор",P'¥N_hd_SVAO_1652_1,"28 сент. 2021, 07:36:33",55.42327805048956,37.942025562188235
А37.jpg,1,0,0,0,0,0,"СЗАО улица Исаковского, дом 28, корпус 1",P'¥N_hd_SZA0_5745_1,"28 сент. 2021, 07:08:48",56.51360046980823,37.59004340201506
B7.jpg,1,0,0,0,0,0,"СВАО улица Академика Королёва, дом 28, кор",P'¥N_hd_SVAO_1652_1,23 сент. 2021. 13:19:26,56.181139444246746,37.75840881976992
B63.jpg,1,0,0,0,0,0,"ЦАО Верхняя Сыромятническая улица, дом 2",PVN_hd_TSAO_5300_3,"28 сент. 2021, 08:08:11",55.70130835474017,36.43587214740989
B113.jpg,1,0,0,0,0,0,"ЦАО Верхняя Сыромятническая улица, дом 2",PVN_hd_TSAO_5300_1,"27 сент. 2021, 17:31:00",55.85305781969446,37.63663879155631
А60.jpg,1,0,0,0,0,0,"ЦАО Верхняя Сыромятническая улица, дом 2",PVN_hd_SAQ_3371_1,23 сент. 2021. 13:19:26,57.01624204733176,38.20074069068394
А56.jpg,1,0,0,0,0,0,"ЗАО улица Крылатские Холмы, дом 32, корпус",PVN_hd_SAQ_3371_1,"28 сент. 2021, 07:17:52",55.788447238882185,37.06681102013377
B42.jpg,1,0,0,0,0,0,"СВАО улица Корнейчука, дом 414",PVN_hd_SAQ_3371_1,"28 сент. 2021, 08:06:54",54.95087472530428,37.41800696129828
С95.jpg,1,0,0,0,0,0,"ЦАО Верхняя Сыромятническая улица, дом 2",P'V¥N_hd_SAG_2559_3,"04 окт. 2021, 07:05:45",55.30754193011963,37.02602454001428
B114.jpg,0,0,0,0,0,0,"ЦАО Верхняя Сыромятническая улица, дом 2",PVN_hd_TSAO_5300_1,"27 сент. 2021, 17:30:59",55.39069540881952,37.693539595328446
