,filename,is_animal_there,is_it_a_dog,is_the_owner_there,color,breed,tail,address,cam_id,date,x_coord,y_coord
0,B109.jpg,1,1,0,1,a border collie,2,"ЦАО Верхняя Сыромятническая улица, дом 2",PVN_hd_TSAO_5300_3,6 окт 2021,56.120080108853536,37.43288354959486
1,С39.jpg,1,1,0,3,a dachshund,1,"ЮАО 1-й Нижний Михайловский проезд, дом |",P¥N_hd_UAG_7270_3,6 окт 2021,55.6743925752961,38.197652709804316
2,B79.jpg,1,0,0,0,0,0,"СВАО проспект Мира, дом 182, корпус 3",P'¥N_hd_SVAO_3055_1,4 окт 2021,55.604991073213974,37.46706707112781
3,B73.jpg,0,0,0,0,0,0,"ЦАО Верхняя Сыромятническая улица, дом 2",PVN_hd_TSAO_5300_3,3 окт 2021,55.748968817360534,37.06382085354168
4,B62.jpg,0,0,0,0,0,0,"ЦАО Верхняя Сыромятническая улица, дом 2",PVN_hd_TSAO_5300_3,5 окт 2021,55.32727608494247,36.71060016850936
5,B105.jpg,1,0,0,0,0,0,"ЦАО Верхняя Сыромятническая улица, дом 2",PVN_hd_TSAO_5300_3,4 окт 2021,56.440798106424076,37.72022918378468
6,B61.jpg,1,0,0,0,0,0,"ЦАО Верхняя Сыромятническая улица, дом 2",PVN_hd_TSAO_5300_3,4 окт 2021,55.84568286350426,37.900659371404686
7,B15.jpg,1,0,0,0,0,0,"СВАО Мелиховская улица, дом 2",P'¥N_hd_SVAO_3426_1,3 окт 2021,55.51199390691589,37.824414865365775
8,А46.jpg,0,0,0,0,0,0,"ЦАО Шелепихинская набережная, дом 22",P'¥N_hd_TSAO_4915_2,2 окт 2021,56.10242055214655,37.79126688556045
9,А77.jpg,1,1,0,2,a doberman,1,"ЮАО Чертановская улица, дом 8, корпус 1",P'V¥N_hd_UAG_2409_1,2 окт 2021,56.92086393021506,37.67936423149474
10,А101.jpg,1,0,0,0,0,0,"ЮАО Касимовская улица, дом 7, корпус 1",P'V¥N_hd_UAG_1412 4,6 окт 2021,55.07019819654373,37.78111604990579
11,С78.jpg,1,0,0,0,0,0,"ЦАО Верхняя Сыромятническая улица, дом 2",PVN_hd_TSAO_5300_3,1 окт 2021,55.05055160039291,38.50430211082041
12,С100.jpg,0,0,0,0,0,0,"1-й Амбулаторный проезд, дом 7, корпус 3",РУМ_Н9 $АО_2559_3,6 окт 2021,57.2496313173204,36.886544462316415
13,B85.jpg,0,0,0,0,0,0,"ЦАО Малая Пионерская улица, дом 23-31, стро",PVN_hd TSAO _3847_1,3 окт 2021,55.4129004341635,36.976244314300715
14,А85.jpg,0,0,0,0,0,0,"ЮЗАО улица Каховка, дом 5, корпус 4",P¥N_hd_UZAO_7277_1,4 окт 2021,55.37104437271926,37.55150920185678
15,B108.jpg,1,0,0,0,0,0,"СВАО проспект Мира, дом 182, корпус 3",P'¥N_hd_SVAO_3055_1,2 окт 2021,55.400284930884276,38.09019985444433
16,С38.jpg,1,1,0,3,a chihuahua,1,"ЦАО Верхняя Сыромятническая улица, дом 2",PVN_hd_TSAO_5300_3,6 окт 2021,55.83668966523029,37.44326813299415
17,B13.jpg,1,0,0,0,0,0,"СВАО Мелиховская улица, дом 2",PVN_hd_SVAG_3426_1,6 окт 2021,56.11914768503791,39.24457499554287
18,B95.jpg,1,0,0,0,0,0,"СВАО проезд Черского, дом 5",P'¥N_hd_SVAO_1325_1,6 окт 2021,55.739963760120034,36.8786716850696
19,B67.jpg,1,0,0,0,0,0,"ЦАО Верхняя Сыромятническая улица, дом 2",PVN_hd_TSAO_5300_3,4 окт 2021,55.76572256531972,38.4179098690242
20,B106.jpg,0,0,0,0,0,0,"ЦАО Верхняя Сыромятническая улица, дом 2",PVN_hd_TSAO_5300_3,2 окт 2021,55.40703174146161,37.90651032788537
21,А89.jpg,1,0,0,0,0,0,"ЮЗАО Севастопольский проспект, дом 50/11",P'¥N_hd_UZAO_8297_1,1 окт 2021,56.89524802969191,37.37033069514561
22,С101.jpg,0,0,0,0,0,0,"САО 1-й Амбулаторный проезд, дом 7, корпус",P'V¥N_hd_SAGQ_2559_3,6 окт 2021,55.50786029701132,37.514963696299176
23,B3.jpg,1,0,0,0,0,0,"СВАО улица Академика Королёва, дом 28, кор",P'¥N_hd_SVAO_1652_1,1 окт 2021,55.958703981130455,37.38410269509367
24,А37.jpg,1,0,0,0,0,0,"СЗАО улица Исаковского, дом 28, корпус 1",P'¥N_hd_SZA0_5745_1,5 окт 2021,55.101712441208434,37.90464477866521
25,B7.jpg,1,0,0,0,0,0,"СВАО улица Академика Королёва, дом 28, кор",P'¥N_hd_SVAO_1652_1,1 окт 2021,56.16739737193804,37.39245968627991
26,B63.jpg,1,0,0,0,0,0,"ЦАО Верхняя Сыромятническая улица, дом 2",PVN_hd_TSAO_5300_3,3 окт 2021,56.33179745253712,38.284055932428174
27,B113.jpg,1,0,0,0,0,0,"ЦАО Верхняя Сыромятническая улица, дом 2",PVN_hd_TSAO_5300_1,2 окт 2021,56.028164274555934,38.0583289218134
28,А60.jpg,1,0,0,0,0,0,"ЦАО Верхняя Сыромятническая улица, дом 2",PVN_hd_TSAO_5300_3,5 окт 2021,55.55943749322163,37.97417550274639
29,А56.jpg,1,0,0,0,0,0,"ЗАО улица Крылатские Холмы, дом 32, корпус",PVN_hd_TSAO_5300_3,3 окт 2021,56.05991083162792,37.5733321315391
30,B42.jpg,1,0,0,0,0,0,"СВАО улица Корнейчука, дом 414",PVN_hd_TSAO_5300_3,6 окт 2021,55.35195784752895,37.66359069508176
31,С95.jpg,1,0,0,0,0,0,"ЦАО Верхняя Сыромятническая улица, дом 2",P'V¥N_hd_SAG_2559_3,6 окт 2021,55.502511756295185,36.59621182179942
32,B114.jpg,0,0,0,0,0,0,"ЦАО Верхняя Сыромятническая улица, дом 2",PVN_hd_TSAO_5300_1,5 окт 2021,55.245736675119645,37.64466396971177
33,А61.jpg,1,1,1,1,a labrador,2,"ЗАО улица Крылатские Холмы, дом 32, корпус",РУМ_НЯ 7АС_9544_4,3 окт 2021,55.40920776197068,37.93544264791121
34,А15.jpg,1,1,1,2,a bull terrier,2,"САО Ленинградский проспект, дом 35",УММ_$АО_027_2,1 окт 2021,56.273606029392305,37.58044898091037
35,B58.jpg,1,1,1,2,a borzoi,2,"ЦАО Верхняя Сыромятническая улица, дом 2",PVN_hd_TSAO_5300_3,5 окт 2021,55.3393534045852,37.65093261869551
36,С26.jpg,1,0,0,0,0,0,"ЦАО Центросоюзный переулок, дом 4",PVN_hd_TSAO_3647_1,3 окт 2021,55.64263681770295,38.111821259775176
37,С91.jpg,1,0,0,0,0,0,"САО Левобережная улица, дом 4, корпус 12",P'V¥N_hd_SAO_6159_54,5 окт 2021,55.63735007862006,37.464867499850385
38,А92.jpg,1,1,1,1,a cocker spaniel,1,"ЮЗАО Севастопольский проспект, дом 50/11",PVN_hd_UZAG_8297_1,1 окт 2021,55.05682232866634,38.436978151881576
39,B81.jpg,0,0,0,0,0,0,"ЦАО Верхняя Сыромятническая улица, дом 2",PVN_hd_TSAO_5300_3,1 окт 2021,55.446876489486776,36.86261558916901
40,С88.jpg,1,1,1,1,a rottweiler,1,P'¥N_hd_TSAO_3647_1,PVN_hd_TSAO_5300_3,4 окт 2021,56.67156531353583,37.17630198704352
41,С60.jpg,1,1,1,1,a labrador,2,P'¥N_hd_TSAO_3647_1,PVN_hd_TSAO_5300_3,2 окт 2021,55.75953550702515,37.79411502728537
42,С45.jpg,1,1,1,2,a st. bernard,2,"ЦАО Верхняя Сыромятническая улица, дом 2","САО Ленинградское шоссе, дом 35",2 окт 2021,54.90174547405163,37.8489448330729
43,С58.jpg,1,0,0,0,0,0,"САО Левобережная улица, дом 4, корпус 12",P'V¥N_hd_SAO_6159_54,6 окт 2021,55.7723045802483,37.60508753268742
44,А24.jpg,1,0,0,0,0,0,"САО Ленинградский проспект, дом 35",ЦМЧ_ЗАО_027_8,5 окт 2021,55.56231928601524,36.941718436307916
45,С97.jpg,1,0,0,0,0,0,"ЦАО Центросоюзный переулок, дом 4",PVN_hd_TSAO_3647_1,6 окт 2021,55.642150479093324,37.45923539360947
46,А14.jpg,1,1,1,2,a corgi,1,"САО Ленинградский проспект, дом 35",УММ_$АО_027_2,4 окт 2021,55.531711161040725,37.52355606024913
47,С46.jpg,1,0,0,0,0,0,"САО Левобережная улица, дом 4, корпус 12",P'V¥N_hd_SAO_6159_54,4 окт 2021,55.20170231743214,37.638626511978934
48,B38.jpg,1,1,1,1,a chihuahua,1,"ЦАО Верхняя Сыромятническая улица, дом 2","СВАО улица Корнейчука, дом 414",3 окт 2021,56.11957167160791,37.620803038617616
49,С66.jpg,0,0,0,0,0,0,"ЦАО Верхняя Сыромятническая улица, дом 2",P'¥N_hd_TSAO_3647_1,6 окт 2021,55.16562202792165,37.348738201647286
50,B29.jpg,1,1,1,2,a jack russell terrier,2,P'¥N_hd_SVAO_3426_1,PVN_hd_TSAO_5300_3,5 окт 2021,55.98993757730821,37.82513803985569
51,А65.jpg,1,1,1,2,a deutscher boxer,1,"ЗАО Филёвский бульвар, дом 15",P'¥N_hd_ZAO_10482_1,3 окт 2021,55.49785907575723,38.38443509673523
52,B68.jpg,1,1,1,2,a deutscher boxer,1,"ЦАО Верхняя Сыромятническая улица, дом 2",PVN_hd_TSAO_5300_3,5 окт 2021,54.81457579722904,37.27405348985253
53,С43.jpg,0,0,0,0,0,0,"САО Левобережная улица, дом 4, корпус 12",P'V¥N_hd_SAO_6159_54,1 окт 2021,56.027112502967064,36.98217718062012
54,А69.jpg,1,1,1,2,a borzoi,2,"ЗАО Филёвский бульвар, дом 15",P'¥N_hd_ZAO_10482_1,2 окт 2021,55.13093907955805,38.12196481666034
55,С84.jpg,0,0,0,0,0,0,"ЦАО Верхняя Сыромятническая улица, дом 2",P'¥N_hd_TSAO_3647_1,6 окт 2021,55.97910340662326,37.23675117358585
56,С56.jpg,1,1,1,2,a chihuahua,1,"САО Левобережная улица, дом 4, корпус 12",P'V¥N_hd_SAO_6159_54,3 окт 2021,55.363991871261184,37.39525673304538
57,С86.jpg,0,0,0,0,0,0,"ВАО улица Сокольнический Вал, дом 1, строение 1",РАВК_\/А0_197_14_57,5 окт 2021,55.446367389140185,37.8242925636183
58,С51.jpg,1,1,1,2,a labrador,2,"ЮАО 1-й Нижний Михайловский проезд, дом |",PVN_hd_UAO_7270_3,6 окт 2021,54.96360988690426,37.10052608910696
59,А32.jpg,0,0,0,0,0,0,"ЦАО Верхняя Сыромятническая улица, дом 2",PVN_hd_TSAO_5300_3,6 окт 2021,56.63744085745632,38.055289064986475
60,B31.jpg,1,1,1,1,a german shepherd,2,"СВАО Мелиховская улица, дом 2",PVN_hd_SVAG_3426_1,2 окт 2021,55.638795101221355,37.40318496348812
61,А42.jpg,0,0,0,0,0,0,"ЦАО Шелепихинская набережная, дом 22",P'¥N_hd_TSAO_4915_2,1 окт 2021,56.254756977280564,37.69486457232176
62,С63.jpg,0,0,0,0,0,0,"ЦАО Верхняя Сыромятническая улица, дом 2",P'¥N_hd_TSAO_3647_1,6 окт 2021,55.699158862027346,37.20103633765772
63,А57.jpg,1,1,1,2,a labrador,2,"ЗАО улица Крылатские Холмы, дом 32, корпус",РУМ_НЯ 7АС_9544_4,1 окт 2021,55.51917605233184,38.270671700567725
64,А75.jpg,1,1,1,1,a toy terrier,1,"ЮАО Чертановская улица, дом 8, корпус 1",P'V¥N_hd_UAG_2409_1,1 окт 2021,56.20200184958025,37.92137545182874
65,С49.jpg,0,0,0,0,0,0,"САО Левобережная улица, дом 4, корпус 12",P'V¥N_hd_SAO_6159_54,3 окт 2021,55.230639211643194,36.85891513833649
66,С76.jpg,1,0,0,0,0,0,"САО Левобережная улица, дом 4, корпус 12",P'V¥N_hd_SAO_6159_54,3 окт 2021,55.338103335319246,37.82414715803082
67,С69.jpg,0,0,0,0,0,0,"ЦАО Верхняя Сыромятническая улица, дом 2",P'¥N_hd_TSAO_3647_1,4 окт 2021,55.30373730201701,36.6877754700224
68,С29.jpg,0,0,0,0,0,0,"САО Левобережная улица, дом 4, корпус 12",P'V¥N_hd_SAO_6159_54,5 окт 2021,56.014181126815686,37.35229718581078
69,С53.jpg,0,0,0,0,0,0,"САО Левобережная улица, дом 4, корпус 12",P'V¥N_hd_SAO_6159_54,5 окт 2021,56.319289830648245,38.26676351648125
70,А47.jpg,0,0,0,0,0,0,"ЦАО Шелепихинская набережная, дом 22",P'¥N_hd_TSAO_4915_2,5 окт 2021,55.58458180837639,37.66969934955036
71,С41.jpg,1,1,1,3,a chihuahua,1,"ЮАО 1-й Нижний Михайловский проезд, дом |",P¥N_hd_UAG_7270_3,2 окт 2021,55.034784454806314,37.25310620106177
72,B35.jpg,1,1,1,1,a doberman,1,"ЦАО Верхняя Сыромятническая улица, дом 2","СВАО улица Корнейчука, дом 414",1 окт 2021,56.83284166829564,37.83716078643263
73,А70.jpg,1,0,0,0,0,0,"ЮАО Днепропетровская улица, дом 31",PVN_hd_TSAO_5300_3,5 окт 2021,55.133464274354026,38.013701254968495
74,А22.jpg,1,1,1,2,a pug,1,"САО Ленинградский проспект, дом 35",Архив УММ_$5АО_027_7,6 окт 2021,56.197900135345,37.739527099612296
75,А45.jpg,0,0,0,0,0,0,"ЦАО Шелепихинская набережная, дом 22",P'¥N_hd_TSAO_4915_2,3 окт 2021,55.99391838544704,38.106148751529254
76,С30.jpg,1,1,0,1,a newfoundland,2,P'¥N_hd_TSAO_3647_1,PVN_hd_TSAO_5300_3,5 окт 2021,55.8990339079094,38.544837101034766
77,С79.jpg,1,0,0,0,0,0,"ЦАО Миусская площадь, дом 5",PVN_hd TSAO _5467_1,4 окт 2021,55.40768241785571,37.90279873648937
78,С83.jpg,1,0,0,0,0,0,"ВАО улица Преображенский Вал, дом 24, корп",РУМ_НЯ МАО_5390_22,5 окт 2021,55.40111710648026,37.4454333151384
79,B72.jpg,1,1,1,2,a borzoi,2,"ЦАО Верхняя Сыромятническая улица, дом 2",PVN_hd_TSAO_5300_3,5 окт 2021,56.18217543986603,38.314118316247985
80,А84.jpg,1,1,1,2,a labrador,2,"ЮЗАО улица Каховка, дом 5, корпус 4",P¥N_hd_UZAO_7277_1,3 окт 2021,55.25561861481835,37.706811211144036
81,А35.jpg,0,0,0,0,0,0,"СЗАО улица Исаковского, дом 28, корпус 1",P'¥N_hd_SZA0_5745_1,5 окт 2021,55.29964189865959,38.247651523482844
82,А18.jpg,0,0,0,0,0,0,"ЦАО Верхняя Сыромятническая улица, дом 2",PVN_hd_TSAO_5300_3,2 окт 2021,55.89426846863765,36.9159068724875
83,С93.jpg,1,0,0,0,0,0,"САО Левобережная улица, дом 4, корпус 12",P'V¥N_hd_SAO_6159_54,4 окт 2021,55.62334326001905,38.423514007500444
84,B21.jpg,1,1,1,2,a chihuahua,1,"СВАО Мелиховская улица, дом 2",PVN_hd_SVAG_3426_1,2 окт 2021,55.74574473274632,38.078072634980764
85,А2.jpg,1,1,1,1,a labrador,2,P'VN_hd_SZAO_36_3,PVN_hd_TSAO_5300_3,5 окт 2021,56.685253512648465,37.374519043602035
86,С85.jpg,0,0,0,0,0,0,"ЦАО Верхняя Сыромятническая улица, дом 2",РАВК_\АО_197_14_30,5 окт 2021,55.602239503337856,37.33726436604077
87,С74.jpg,0,0,0,0,0,0,"ЮАО 1-й Нижний Михайловский проезд, дом |",P¥N_hd_UAG_7270_3,2 окт 2021,56.11307089325415,36.4042752960541
88,B22.jpg,1,1,1,1,a basset hound,2,"СВАО Мелиховская улица, дом 2",P'¥N_hd_SVAO_3426_1,5 окт 2021,56.08134784922888,36.929371023426874
89,А63.jpg,1,1,1,3,a rottweiler,1,"ЗАО улица Крылатские Холмы, дом 32, корпус",РУМ_НЯ 7АС_9544_4,6 окт 2021,56.02510259422915,37.13131506050509
90,С99.jpg,1,1,1,2,a chihuahua,1,"ЦАО Центросоюзный переулок, дом 4",PVN_hd_TSAO_3647_1,4 окт 2021,56.36766811859514,37.41024728748999
91,С28.jpg,1,0,0,0,0,0,"ЦАО Верхняя Сыромятническая улица, дом 2",P'¥N_hd_TSAO_3647_1,2 окт 2021,56.60755091726126,37.67726414823624
92,А29.jpg,1,1,1,2,a spitz,1,"САО Ленинградский проспект, дом 35",ЦМЧ_ЗАО_027_8,5 окт 2021,55.93047129476031,37.69178602002635
93,B28.jpg,0,0,0,0,0,0,"СВАО Мелиховская улица, дом 2",P'¥N_hd_SVAO_3426_1,2 окт 2021,55.35522590686085,37.632556669741334
94,B8.jpg,0,0,0,0,0,0,"ЦАО Верхняя Сыромятническая улица, дом 2",PVN_hd_TSAO_5300_3,2 окт 2021,55.56822790965845,37.048896432159815
95,А98.jpg,0,0,0,0,0,0,"ЦАО Верхняя Сыромятническая улица, дом 2",PVN_hd_TSAO_5300_3,6 окт 2021,55.7996266512459,37.32246395221576
96,А30.jpg,1,0,0,0,0,0,"ЦАО Верхняя Сыромятническая улица, дом 2",ЦМЧ_ЗАО_027_8,3 окт 2021,56.46338009649659,37.9332057139116
97,А49.jpg,1,1,0,1,a labrador,2,"ЦАО Верхняя Сыромятническая улица, дом 2",PVN_hd_TSAO_5300_3,4 окт 2021,55.389594241355724,37.358759866635886
98,B19.jpg,1,1,0,1,a labrador,2,"ЦАО Верхняя Сыромятническая улица, дом 2",PVN_hd_TSAO_5300_3,3 окт 2021,55.59380718884958,38.458768350820264
99,B111.jpg,0,0,0,0,0,0,"ЦАО Верхняя Сыромятническая улица, дом 2",PVN_hd_TSAO_5300_3,1 окт 2021,55.01900320404807,38.02993872784473
100,B47.jpg,0,0,0,0,0,0,"СВАО улица Корнейчука, дом 414",PVN_hd_TSAO_5300_3,5 окт 2021,55.778327940504916,38.41827415062162
101,А5.jpg,1,1,1,1,a rottweiler,1,P'VN_hd_SZAO_36_3,PVN_hd_TSAO_5300_3,1 окт 2021,55.4623649199351,37.08563738210325
102,B119.jpg,0,0,0,0,0,0,"ЦАО Верхняя Сыромятническая улица, дом 2",PVN_hd_TSAO_5300_3,2 окт 2021,56.72542074533165,37.52067503196251
103,B89.jpg,1,1,1,2,a chihuahua,1,"СВАО проспект Мира, дом 182, корпус 3",P'¥N_hd_SVAO_3055_1,5 окт 2021,55.5693448345821,37.410445346826705
104,А6.jpg,1,1,1,1,a border collie,2,"ЦАО Верхняя Сыромятническая улица, дом 2",PVN_hd_TSAO_5300_3,5 окт 2021,55.08580571909438,38.05572141426215
105,С59.jpg,0,0,0,0,0,0,"ЦАО Верхняя Сыромятническая улица, дом 2",P'¥N_hd_TSAO_3647_1,3 окт 2021,56.28256502041726,36.93193144512704
106,А48.jpg,0,0,0,0,0,0,"ЮЗАО улицайкадемика Варги, дом 28",P'¥N_hd_UZAO_1100_15,5 окт 2021,56.17686658027516,37.134795198185145
107,А25.jpg,1,0,0,0,0,0,"САО Ленинградский проспект, дом 35",УММ_5АО_027_8,5 окт 2021,55.051377058186176,37.29027447300274
108,А1.jpg,1,0,0,0,0,0,"ЦАО Верхняя Сыромятническая улица, дом 2",P'VN_hd_SZAO_36_3,4 окт 2021,55.53359673198208,37.75910768897258
109,B50.jpg,0,0,0,0,0,0,"СВАО улица Корнейчука, дом 414",PVN_hd_TSAO_5300_3,5 окт 2021,55.14947375982756,37.47892418844606
110,B17.jpg,1,1,0,1,a german shepherd,2,"СВАО проспект Мира, дом 182, корпус 3",P'¥N_hd_SVAO_3055_1,3 окт 2021,55.1809039036978,38.143715451568184
111,С102.jpg,0,0,0,0,0,0,"ЦАО Верхняя Сыромятническая улица, дом 2",PVN_hd_TSAO_5300_3,3 окт 2021,56.53289951129373,36.942158712728116
112,B5.jpg,1,0,0,0,0,0,"СВАО Новоалексеевская улица, дом 5А",P'¥N_hd_SVAO_3040_1,2 окт 2021,55.84276212617594,36.92834959392416
113,С61.jpg,1,1,0,1,a chihuahua,1,P'V¥N_hd_TSAO_3647_1,PVN_hd_TSAO_5300_3,6 окт 2021,55.61894279718001,37.517198215737686
114,B30.jpg,1,1,0,1,a german shepherd,2,"СВАО Мелиховская улица, дом 2",PVN_hd_SVAQ_3426_1,5 окт 2021,55.53295734742872,38.22452036487474
115,B10.jpg,1,1,0,3,a labrador,2,"СВАО улица Академика Королёва, дом 28, кор",P'¥N_hd_SVAO_1652_1,6 окт 2021,56.336731435629,38.22926033113095
116,А38.jpg,0,0,0,0,0,0,"ЦАО Верхняя Сыромятническая улица, дом 2",PVN_hd_TSAO_5300_3,4 окт 2021,56.338461585785225,37.616463950200604
117,B9.jpg,1,0,0,0,0,0,"СВАО Новоалексеевская улица, дом 5А",P'¥N_hd_SVAO_3040_1,5 окт 2021,56.277698978746564,37.456881058487
118,B92.jpg,1,1,1,2,a german shepherd,2,"СВАО улица Бориса Галушкина, дом 25",PVN_hd_SVAQ_3087_5,5 окт 2021,57.30311547123946,37.3283095195478
119,С54.jpg,1,1,1,2,a dachshund,1,"ЦАО Верхняя Сыромятническая улица, дом 2",PVN_hd_TSAO_5300_3,1 окт 2021,56.64469585714245,37.404194611764105
120,B51.jpg,1,1,1,3,a chihuahua,1,"СВАО Новоалексеевская улица, дом 5А",P'¥N_hd_SVAO_3040_1,3 окт 2021,56.41603687544592,38.09034312286829
121,B120.jpg,1,1,1,3,a pug,1,"ЦАО Верхняя Сыромятническая улица, дом 2",PVN_hd_TSAO_5300_3,4 окт 2021,56.12902986653066,37.573664784398105
122,B77.jpg,0,0,0,0,0,0,"ЦАО Верхняя Сыромятническая улица, дом 2",PVN_hd_TSAO_5300_3,6 окт 2021,55.95823419783861,36.912122576569836
123,B80.jpg,0,0,0,0,0,0,"СВАО улица Бориса Галушкина, дом 18",P'V¥N_hd_SVAO_3081_5,4 окт 2021,55.88700518538534,36.97992898722448
124,B112.jpg,0,0,0,0,0,0,"ЦАО Верхняя Сыромятническая улица, дом 2",PVN_hd_TSAO_5300_3,2 окт 2021,55.46268139261973,38.44533701099713
125,B53.jpg,0,0,0,0,0,0,"СВАО улица Корнейчука, дом 414",PVN_hd_TSAO_5300_3,5 окт 2021,56.45803641158395,36.81223962932305
126,B87.jpg,1,1,0,2,a chihuahua,1,"ЦАО 5-й Монетчиковский переулок, дом 13",PVN_hd TSAQ_3766_1,3 окт 2021,55.967037879509455,37.21214241805598
127,А39.jpg,1,1,0,2,a husky,2,"ЦАО Верхняя Сыромятническая улица, дом 2",PVN_hd_TSAO_5300_3,5 окт 2021,55.88844563380639,36.6983711640585
128,B16.jpg,1,1,0,2,a pug,1,"ЦАО Верхняя Сыромятническая улица, дом 2",PVN_hd_TSAO_5300_3,4 окт 2021,55.27528708918685,37.36817039604718
129,B107.jpg,0,0,0,0,0,0,"ЦАО Верхняя Сыромятническая улица, дом 2",PVN_hd_TSAO_5300_3,1 окт 2021,56.213205475812615,37.89948285367958
130,B18.jpg,1,1,0,2,a pekingese,1,"ЦАО Верхняя Сыромятническая улица, дом 2",PVN_hd_TSAO_5300_3,2 окт 2021,55.093451105180705,37.648233498175166
131,А94.jpg,1,0,0,0,0,0,"ЦАО Верхняя Сыромятническая улица, дом 2",P'¥N_hd_UZAO_8352_4,1 окт 2021,56.03897434769362,37.3033129857186
132,B76.jpg,1,1,1,3,a pug,1,"СВАО проспект Мира, дом 182, корпус 3",P'¥N_hd_SVAO_3055_1,2 окт 2021,56.60217448715646,37.94059005098977
133,С98.jpg,0,0,0,0,0,0,"ЦАО Центросоюзный переулок, дом 4",PVN_hd_TSAO_3647_1,6 окт 2021,55.770983158601716,37.627168709886604
134,B64.jpg,0,0,0,0,0,0,"ЦАО Верхняя Сыромятническая улица, дом 2",PVN_hd_TSAO_5300_3,2 окт 2021,55.73778579520999,38.47446126632764
135,А58.jpg,1,1,0,2,a border collie,2,"ЗАО улица Крылатские Холмы, дом 32, корпус",РУМ_НЯ 7АС_9544_4,2 окт 2021,55.143989406607936,37.43439723215506
136,С65.jpg,1,1,0,2,a jack russell terrier,2,P'V¥N_hd_TSAO_3647_1,PVN_hd_TSAO_5300_3,6 окт 2021,55.7352334344651,37.59633776479001
137,С75.jpg,0,0,0,0,0,0,"ЮАО 1-й Нижний Михайловский проезд, дом |",PVN_hd_UAO_7270_3,1 окт 2021,56.060130919152556,37.075548728453846
138,С94.jpg,0,0,0,0,0,0,"ЦАО Верхняя Сыромятническая улица, дом 2",PVN_hd_TSAO_5300_3,6 окт 2021,55.78901123858831,38.464550590208454
139,А55.jpg,0,0,0,0,0,0,"ЦАО Верхняя Сыромятническая улица, дом 2",PVN_hd_TSAO_5300_3,3 окт 2021,56.21944676027864,37.60194051273223
140,С82.jpg,1,0,0,0,0,0,"ВАО улица Преображенский Вал, дом 24, корп",РУМ_НЯ МАО_5390_22,4 окт 2021,55.914742902079276,37.77201269049231
141,С47.jpg,0,0,0,0,0,0,"ЦАО Верхняя Сыромятническая улица, дом 2",PVN_hd_TSAO_5300_3,5 окт 2021,55.388411805856286,37.246961374767544
142,B75.jpg,1,1,0,2,a dalmatian,2,"ЦАО Верхняя Сыромятническая улица, дом 2",РУМ_Га Т$АО_5300_3,1 окт 2021,55.48056439523366,38.13382318954114
143,С55.jpg,0,0,0,0,0,0,"САО Левобережная улица, дом 4, корпус 12",P'V¥N_hd_SAO_6159_54,6 окт 2021,55.0868049877411,38.48583110929488
144,B74.jpg,1,1,0,3,a pekingese,1,"ЦАО Верхняя Сыромятническая улица, дом 2",PVN_hd_TSAO_5300_3,1 окт 2021,55.877226372972714,37.383022466632525
145,С81.jpg,1,0,0,0,0,0,"ВАО улица Преображенский Вал, дом 24, корп",РУМ_НЯ МАО_5390_22,4 окт 2021,55.45919990601935,37.2918683489719
146,B49.jpg,1,1,0,2,a chihuahua,1,"СВАО Новоалексеевская улица, дом 5А",P'¥N_hd_SVAO_3040_1,6 окт 2021,55.08953696635382,38.007599737019
147,С103.jpg,0,0,0,0,0,0,"ЦАО Верхняя Сыромятническая улица, дом 2",PVN_hd_TSAO_5300_3,2 окт 2021,55.85491628847921,37.86496331384466
148,А62.jpg,0,0,0,0,0,0,"ЗАО улица Крылатские Холмы, дом 32, корпус",PVN_hd_TSAO_5300_3,5 окт 2021,56.60369623518304,38.46839378355805
149,А20.jpg,1,1,0,2,a poodle,1,"САО Ленинградский проспект, дом 35",ЦМЧ_ЗАО_027_7,5 окт 2021,55.10611749903135,37.91341948502663
150,А12.jpg,0,0,0,0,0,0,"САО Ленинградский проспект, дом 35",УММ_$АО_027_2,5 окт 2021,57.09785351464909,38.25241510375591
151,С80.jpg,0,0,0,0,0,0,"САО Ленинградское шоссе, дом 35",P¥N_hd_SAGQ_2_7228_1,5 окт 2021,55.42790285823743,38.06960524005159
152,B93.jpg,0,0,0,0,0,0,"СВАО проезд Черского, дом 5",P'¥N_hd_SVAO_1325_1,5 окт 2021,55.37650388623289,38.19015166603873
153,B48.jpg,1,1,0,3,a cocker spaniel,1,"ЦАО Верхняя Сыромятническая улица, дом 2",PVN_hd_TSAO_5300_3,4 окт 2021,56.021071764398464,36.721710472592754
154,А78.jpg,1,1,0,2,a husky,2,"ЦАО Верхняя Сыромятническая улица, дом 2",PVN_hd_TSAO_5300_3,4 окт 2021,55.695178458253416,38.0589735416503
155,С40.jpg,0,0,0,0,0,0,"ЮАО 1-й Нижний Михайловский проезд, дом |",P'¥N_hd_UAG_7270_3,5 окт 2021,55.75061165996241,37.7928309397883
156,А66.jpg,1,1,0,2,a dalmatian,2,"ЦАО Верхняя Сыромятническая улица, дом 2",PVN_hd_TSAO_5300_3,2 окт 2021,55.29749839729288,37.304418975827154
157,А97.jpg,1,0,0,0,0,0,"ЦАО Верхняя Сыромятническая улица, дом 2",P'¥N_hd_UZAO_8352_4,2 окт 2021,55.623622386485124,37.80650647702278
158,С35.jpg,1,1,1,3,a newfoundland,2,"ЦАО Верхняя Сыромятническая улица, дом 2",PVN_hd_TSAO_5300_3,5 окт 2021,55.44539515734119,37.70071647712949
159,B104.jpg,0,0,0,0,0,0,"СВАО проспект Мира, дом 182, корпус 3",P'¥N_hd_SVAO_3055_1,1 окт 2021,56.13723904752777,38.07444646049013
160,B54.jpg,1,1,1,2,a samoyed,2,"СВАО проспект Мира, дом 182, корпус 3",P'¥N_hd_SVAO_3055_1,4 окт 2021,55.239584761253305,37.60815210184475
161,B118.jpg,1,1,1,2,a pekingese,1,"ЦАО Верхняя Сыромятническая улица, дом 2",PVN_hd_TSAO_5300_3,1 окт 2021,54.921270774567475,37.66915007667946
162,С90.jpg,1,0,0,0,0,0,"САО Левобережная улица, дом 4, корпус 12",P'¥N_hd_SAO_6159_54,3 окт 2021,55.51248839542075,37.183898376878275
163,С21.jpg,0,0,0,0,0,0,"ЦАО Верхняя Сыромятническая улица, дом 2",PVN_hd_TSAO_5300_3,1 окт 2021,55.79142485565385,37.932399679722685
164,А3.jpg,0,0,0,0,0,0,"СЗАО улица Свободы, дом 3",P'VN_hd_SZAO_36_3,1 окт 2021,54.680535945895464,37.77410759347729
165,B40.jpg,1,1,1,2,a golden retriever,2,"ЦАО Верхняя Сыромятническая улица, дом 2","СВАО улица Корнейчука, дом 414",4 окт 2021,55.923236922646474,38.43284680360481
166,С67.jpg,0,0,0,0,0,0,"САО 1-й Амбулаторный проезд, дом 7, корпус",P'V¥N_hd_SAGQ_2559_3,3 окт 2021,55.74156684579508,37.83966432751363
167,С34.jpg,0,0,0,0,0,0,"ЦАО Верхняя Сыромятническая улица, дом 2",PVN_hd_TSAO_5300_3,6 окт 2021,57.255977916647716,36.73851977066052
168,B4.jpg,1,1,0,2,a chihuahua,1,"ЦАО Верхняя Сыромятническая улица, дом 2",PVN_hd_TSAO_5300_3,4 окт 2021,55.65081768584458,37.13931099082945
169,B14.jpg,1,1,0,2,a pug,1,"ЦАО Верхняя Сыромятническая улица, дом 2",PVN_hd_TSAO_5300_3,5 окт 2021,55.75993706406928,36.852028839916485
170,B71.jpg,1,1,0,2,a labrador,2,"ЦАО Верхняя Сыромятническая улица, дом 2",PVN_hd_TSAO_5300_3,5 окт 2021,55.61989448654529,37.5478461458112
171,B2.jpg,1,1,0,2,a borzoi,2,"СВАО улица Академика Королёва, дом 28, кор",P'¥N_hd_SVAO_1652_1,3 окт 2021,55.69818403255051,38.128669735299304
172,B110.jpg,0,0,0,0,0,0,"СВАО улица Бориса Галушкина, дом 25",PVN_hd_SVAQ_3087_5,2 окт 2021,56.024153204114505,37.657616065084504
173,А50.jpg,1,0,0,0,0,0,"ЦАО Шелепихинская набережная, дом 22",P'V¥N_hd_TSAO_4915_2,6 окт 2021,55.56379861940154,37.40278724612952
174,B36.jpg,1,1,0,2,a pekingese,1,"ЦАО Верхняя Сыромятническая улица, дом 2","СВАО улица Корнейчука, дом 414",2 окт 2021,55.79759506626077,36.961160611255686
175,С42.jpg,0,0,0,0,0,0,"САО Левобережная улица, дом 4, корпус 12",P'V¥N_hd_SAO_6159_54,5 окт 2021,56.114483143067226,37.91632053472079
176,А19.jpg,1,0,0,0,0,0,"ЦАО Верхняя Сыромятническая улица, дом 2",PVN_hd_TSAO_5300_3,2 окт 2021,56.44464734431246,37.70521626543548
177,А7.jpg,1,0,0,0,0,0,"ЦАО Верхняя Сыромятническая улица, дом 2",PVN_hd_TSAO_5300_3,5 окт 2021,55.46628089374644,37.29570092241613
178,B66.jpg,1,0,0,0,0,0,"ЦАО Верхняя Сыромятническая улица, дом 2",PVN_hd_TSAO_5300_3,5 окт 2021,55.39948743738045,37.02887908438257
179,B20.jpg,1,0,0,0,0,0,"СВАО Мелиховская улица, дом 2",P'¥N_hd_SVAO_3426_1,6 окт 2021,55.49020488873927,37.477068543360296
180,А93.jpg,1,0,0,0,0,0,"ЦАО Верхняя Сыромятническая улица, дом 2",PVN_hd_TSAO_5300_3,3 окт 2021,55.08488717124513,37.47723655378066
181,B24.jpg,1,1,0,3,a chihuahua,1,"ЦАО Верхняя Сыромятническая улица, дом 2",PVN_hd_TSAO_5300_3,3 окт 2021,56.21565258564533,36.631085173665475
182,B102.jpg,1,0,0,0,0,0,"ЦАО Верхняя Сыромятническая улица, дом 2",PVN_hd_TSAO_5300_3,4 окт 2021,55.09537797728843,37.05804205217505
183,С64.jpg,1,1,0,3,a dachshund,1,P'¥N_hd_TSAO_3647_1,PVN_hd_TSAO_5300_3,1 окт 2021,56.334935387958886,38.56401400666483
184,B23.jpg,1,1,0,3,a dachshund,1,"ЦАО Верхняя Сыромятническая улица, дом 2",PVN_hd_TSAO_5300_3,5 окт 2021,55.375202824823525,37.54853189215552
185,B32.jpg,1,1,0,1,a doberman,1,"СВАО Новоалексеевская улица, дом 5А",P'¥N_hd_SVAO_3040_1,2 окт 2021,55.63332191906961,37.56039365783055
186,B37.jpg,0,0,0,0,0,0,"ЦАО Верхняя Сыромятническая улица, дом 2",P¥N_hd_SVAO_3498 4,3 окт 2021,55.81537069098518,37.44072998469147
187,А16.jpg,1,0,0,0,0,0,"САО Ленинградский проспект, дом 35",УММ_$5АО_027_7,2 окт 2021,56.160682529908925,37.369170240544825
188,С89.jpg,1,1,0,1,a toy terrier,1,P'V¥N_hd_TSAO_3647_1,PVN_hd_TSAO_5300_3,1 окт 2021,55.645088469879816,38.258919752330684
189,B41.jpg,1,1,0,1,a labrador,2,"СВАО Новоалексеевская улица, дом 5А",P'¥N_hd_SVAO_3040_1,4 окт 2021,55.14577479806891,37.88029646078342
190,А82.jpg,0,0,0,0,0,0,"ЦАО Верхняя Сыромятническая улица, дом 2",PVN_hd_TSAO_5300_3,5 окт 2021,55.64186160351204,37.15028409473305
191,С96.jpg,1,0,0,0,0,0,"ЦАО Центросоюзный переулок, дом 4",PVN_hd_TSAO_3647_1,4 окт 2021,55.15255021463936,38.30761513996379
192,B39.jpg,1,1,0,1,a labrador,2,"ЦАО Верхняя Сыромятническая улица, дом 2",PVN_hd_TSAO_5300_3,3 окт 2021,55.91541147376075,38.13139760765455
193,С27.jpg,0,0,0,0,0,0,"ЦАО Центросоюзный переулок, дом 4",PVN_hd_TSAO_3647_1,4 окт 2021,55.983605119572424,37.03091817446212
194,B52.jpg,1,1,1,1,a labrador,2,"ЦАО Верхняя Сыромятническая улица, дом 2","СВАО улица Корнейчука, дом 414",2 окт 2021,55.71197011768892,37.90391456966686
195,B103.jpg,0,0,0,0,0,0,"ЮЗАО улица Академика Семёнова, дом 3",PVN_hd_UZAQ_8740_4,5 окт 2021,56.25145779334153,37.01614744285344
196,B78.jpg,1,0,0,0,0,0,"ЦАО Верхняя Сыромятническая улица, дом 2",PVN_hd_TSAO_5300_3,5 окт 2021,55.528783708601374,37.428629122266145
197,B101.jpg,0,0,0,0,0,0,"ЦАО Верхняя Сыромятническая улица, дом 2",РУМЧ_В9 ЦУАО_8772_3,3 окт 2021,56.93837782610044,37.70679892139624
198,B90.jpg,0,0,0,0,0,0,"ЦАО Верхняя Сыромятническая улица, дом 2",PVN_hd_TSAO_5300_3,2 окт 2021,55.97568626457972,37.46420062201243
199,А36.jpg,1,1,0,3,a chihuahua,1,"СЗАО улица Исаковского, дом 28, корпус 1",P'¥N_hd_SZA0_5745_1,4 окт 2021,55.39102257257978,37.94477554937345
200,B25.jpg,0,0,0,0,0,0,"ЦАО Верхняя Сыромятническая улица, дом 2",PVN_hd_TSAO_5300_3,2 окт 2021,55.206453949858954,37.669313324721635
201,B59.jpg,1,1,1,1,a rottweiler,1,"ЦАО Верхняя Сыромятническая улица, дом 2",PVN_hd_TSAO_5300_3,5 окт 2021,55.48086335224268,37.72931005421608
202,С48.jpg,0,0,0,0,0,0,"ЦАО Верхняя Сыромятническая улица, дом 2",PVN_hd_TSAO_5300_3,1 окт 2021,55.117123235060994,37.27363792023397
203,С25.jpg,0,0,0,0,0,0,"ЦАО Верхняя Сыромятническая улица, дом 2",PVN_hd_TSAO_5300_3,3 окт 2021,55.96068870305198,38.260797400566624
204,А10.jpg,0,0,0,0,0,0,"САО Ленинградский проспект, дом 35",ЦМЧ_ЗАО_027_2,3 окт 2021,54.89189284833083,38.02577213891777
205,А31.jpg,1,0,0,0,0,0,"ЦАО Верхняя Сыромятническая улица, дом 2",PVN_hd_TSAO_5300_3,3 окт 2021,55.31843014375963,36.99426547455538
206,B43.jpg,1,1,0,1,a border collie,2,"ЦАО Верхняя Сыромятническая улица, дом 2","СВАО улица Корнейчука, дом 414",2 окт 2021,55.709997038788266,37.47683394375274
207,А67.jpg,0,0,0,0,0,0,"ЦАО Верхняя Сыромятническая улица, дом 2",PVN_hd_TSAO_5300_3,1 окт 2021,55.433884551022075,37.54435104626914
208,С92.jpg,1,0,0,0,0,0,"САО Левобережная улица, дом 4, корпус 12",P'¥N_hd_SAO_6159_54,5 окт 2021,56.05174062492371,38.36616349325052
209,B44.jpg,1,1,1,3,a doberman,1,"ЦАО Верхняя Сыромятническая улица, дом 2",PVN_hd_TSAO_5300_3,4 окт 2021,55.693364249073426,37.46339182548857
210,А68.jpg,0,0,0,0,0,0,"ЗАО Филёвский бульвар, дом 15",P'¥N_hd_ZA0_10482_1,5 окт 2021,55.427934495351316,37.724239815680555
211,С24.jpg,1,0,0,0,0,0,"САО Левобережная улица, дом 4, корпус 12",PVN_hd_SAO_6159_54,5 окт 2021,55.69117262308098,37.240961384998464
212,B26.jpg,1,1,1,3,a basset hound,2,"ЦАО Верхняя Сыромятническая улица, дом 2",PVN_hd_TSAO_5300_3,1 окт 2021,55.77553912271574,37.45198954753806
213,А96.jpg,1,1,1,1,a borzoi,2,P'¥N_hd_UZAO_8352_4,PVN_hd_TSAO_5300_3,5 окт 2021,56.363830199409406,37.296350029055326
214,B70.jpg,1,1,0,2,a borzoi,2,"ЦАО Верхняя Сыромятническая улица, дом 2",PVN_hd_TSAO_5300_3,5 окт 2021,55.40254588377453,38.16464665934454
215,B27.jpg,1,1,0,2,a basset hound,2,"СВАО Мелиховская улица, дом 2",P'¥N_hd_SVAO_3426_1,6 окт 2021,55.07265771552472,37.161429589547865
216,А11.jpg,1,1,0,2,a corgi,1,"САО Ленинградский проспект, дом 35",УММЧ_$АО_027_2,6 окт 2021,56.45246785719263,38.06083800302105
217,С62.jpg,1,0,0,0,0,0,"ЦАО Верхняя Сыромятническая улица, дом 2",PVN_hd_TSAO_5300_3,5 окт 2021,55.69374701166349,38.02398111246788
218,B57.jpg,1,1,1,2,a borzoi,2,"ЦАО Верхняя Сыромятническая улица, дом 2",PVN_hd_TSAO_5300_3,5 окт 2021,54.82504204299601,37.08432558640614
219,B60.jpg,0,0,0,0,0,0,"СВАО улица Бориса Галушкина, дом 18",P'V¥N_hd_SVAO_3081_5,5 окт 2021,55.370320740710376,37.25891321962307
220,А79.jpg,1,1,0,2,a bulldog,1,"ЦАО Верхняя Сыромятническая улица, дом 2",PVN_hd_TSAO_5300_3,2 окт 2021,55.849603677428604,37.65948319734494
221,А59.jpg,0,0,0,0,0,0,"ЦАО Верхняя Сыромятническая улица, дом 2",PVN_hd_TSAO_5300_3,4 окт 2021,56.311819526409835,36.90278232872659
222,B115.jpg,1,1,1,2,a husky,2,"СВАО улица Бориса Галушкина, дом 25",PVN_hd_SVAQ_3087_5,1 окт 2021,55.31415365762669,38.611729801953814
223,А26.jpg,1,0,0,0,0,0,"САО Ленинградский проспект, дом 35",ЦМЧ_ЗАО_027_8,6 окт 2021,56.18714612711214,37.497970062888776
224,А90.jpg,1,1,0,2,a husky,2,"ЦАО Верхняя Сыромятническая улица, дом 2",PVN_hd_TSAO_5300_3,2 окт 2021,55.64840525517435,38.16522692270761
225,А95.jpg,1,1,0,1,a rottweiler,1,"ЮАО Домодедовская улица, дом 24, корпус 4",РУМ_В9 ЦАО_2565_1,1 окт 2021,55.67694473822616,37.61713169865675
226,B69.jpg,1,1,0,2,a pekingese,1,"ЦАО Верхняя Сыромятническая улица, дом 2",PVN_hd_TSAO_5300_3,3 окт 2021,54.73376547303,36.756663600196084
227,А87.jpg,1,1,0,2,a husky,2,"ЮЗАО Севастопольский проспект, дом 50/11",P'¥N_hd_UZAO_8297_1,5 окт 2021,56.53376700915061,37.75912592363802
228,С32.jpg,0,0,0,0,0,0,"САО Левобережная улица, дом 4, корпус 12",PVN_hd_SAO_6159_54,2 окт 2021,56.27204522913075,36.77504863813683
229,B82.jpg,0,0,0,0,0,0,"ЦАО Верхняя Сыромятническая улица, дом 2",PVN_hd_TSAO_5300_3,3 окт 2021,55.01613209049325,37.14238137493307
230,А53.jpg,0,0,0,0,0,0,"ЗАО улица Крылатские Холмы, дом 32, корпус",РУМ_В9 7АО_9544_4,6 окт 2021,55.52247507471057,38.390598274744036
231,А102.jpg,1,1,0,2,a husky,2,"ЦАО Верхняя Сыромятническая улица, дом 2",PVN_hd_TSAO_5300_3,2 окт 2021,55.51211505986178,37.883893088542294
232,А34.jpg,1,1,0,2,a borzoi,2,"СЗАО улица Исаковского, дом 28, корпус 1",P'¥N_hd_SZA0_5745_1,5 окт 2021,55.098611305076496,37.855763019106256
233,А72.jpg,1,1,0,1,a spitz,1,"ЦАО Верхняя Сыромятническая улица, дом 2","ЮАО Днепропетровская улица, дом 31",6 окт 2021,55.283523894815715,38.263437557532846
234,А21.jpg,1,0,0,0,0,0,"САО Ленинградский проспект, дом 35",УММ_$5АО_027_7,4 окт 2021,55.264902984247726,37.53100257904272
235,С44.jpg,1,1,0,2,a chihuahua,1,"ЦАО Верхняя Сыромятническая улица, дом 2",PVN_hd_TSAO_5300_3,6 окт 2021,55.5074328038239,36.825783484213666
236,B11.jpg,1,1,1,2,a bulldog,1,"ЦАО Верхняя Сыромятническая улица, дом 2",PVN_hd_TSAO_5300_3,5 окт 2021,54.95428134306488,38.50310992481535
237,А8.jpg,1,0,0,0,0,0,"ЦАО Верхняя Сыромятническая улица, дом 2",PVN_hd_TSAO_5300_3,3 окт 2021,56.280706963757176,37.18667301161604
238,B65.jpg,1,1,1,2,a borzoi,2,"ЦАО Верхняя Сыромятническая улица, дом 2",PVN_hd_TSAO_5300_3,4 окт 2021,56.03303855211579,37.18300966986851
239,B117.jpg,1,1,0,2,a caucasian shepherd dog,1,"ЦАО Верхняя Сыромятническая улица, дом 2",PVN_hd_TSAO_5300_3,6 окт 2021,56.017934434789225,38.52751088086818
240,А27.jpg,1,1,0,2,a labrador,2,"ЦАО Верхняя Сыромятническая улица, дом 2",PVN_hd_TSAO_5300_3,3 окт 2021,55.429756480031735,37.54524444423745
241,B84.jpg,1,0,0,0,0,0,"СВАО улица Бориса Галушкина, дом 25",P'¥N_hd_SVAO_3087_5,2 окт 2021,55.15985681947475,36.65583826194179
242,А28.jpg,0,0,0,0,0,0,"САО Ленинградский проспект, дом 35",ЦМЧ_ЗАО_027_8,6 окт 2021,55.42783636082771,37.724387317551795
243,А91.jpg,1,1,1,2,a borzoi,2,"ЦАО Верхняя Сыромятническая улица, дом 2",PVN_hd_TSAO_5300_3,3 окт 2021,55.5991280772772,37.303519022770715
244,А13.jpg,0,0,0,0,0,0,"ЦАО Верхняя Сыромятническая улица, дом 2",PVN_hd_TSAO_5300_3,4 окт 2021,55.83477721270049,37.317048478523624
245,B45.jpg,1,1,0,2,a toy terrier,1,"ЦАО Верхняя Сыромятническая улица, дом 2",PVN_hd_TSAO_5300_3,4 окт 2021,55.386159354709946,37.25428626770692
246,С36.jpg,1,1,0,2,a chihuahua,1,"ЮАО 1-й Нижний Михайловский проезд, дом |",PVN_hd_UAO_7270_3,1 окт 2021,56.42763256890888,36.559930917698814
247,B83.jpg,0,0,0,0,0,0,"СВАО улица Бориса Галушкина, дом 18",P'V¥N_hd_SVAO_3081_5,5 окт 2021,55.89497511460979,37.15234514497444
248,А43.jpg,0,0,0,0,0,0,"ЦАО Шелепихинская набережная, дом 22",P'¥N_hd_TSAO_4915_2,4 окт 2021,56.754430798739115,37.6439543483102
249,B33.jpg,1,1,0,2,a samoyed,2,"СВАО проспект Мира, дом 182, корпус 3",P'¥N_hd_SVAO_3055_1,5 окт 2021,55.56056099481072,38.15374655392524
250,А99.jpg,1,1,0,2,a chihuahua,1,"ЮЗАО улица Каховка, дом 18, корпус 5",P'¥N_hd_UZAO_8352_4,6 окт 2021,55.55679156623669,38.21449707589109
251,С37.jpg,1,1,1,2,a samoyed,2,"ЮАО 1-й Нижний Михайловский проезд, дом |",PVN_hd_UAO_7270_3,5 окт 2021,55.01150527577546,37.812602878254566
252,А52.jpg,1,1,0,2,a chihuahua,1,P'V¥N_hd_TSAO_4915_2,PVN_hd_TSAO_5300_3,4 окт 2021,56.413231641249354,37.41587991305009
253,B94.jpg,0,0,0,0,0,0,"СВАО проезд Черского, дом 5",P'¥N_hd_SVAO_1325_1,4 окт 2021,55.77697236202393,36.68467444454239
254,B116.jpg,1,1,1,2,a chihuahua,1,"ЦАО Верхняя Сыромятническая улица, дом 2",PVN_hd_TSAO_5300_3,5 окт 2021,55.44865122030536,37.97497519201976
255,А9.jpg,1,1,0,2,a labrador,2,"ЦАО Верхняя Сыромятническая улица, дом 2",PVN_hd_TSAO_5300_3,5 окт 2021,55.915194881163515,37.395164301988444
256,B6.jpg,1,1,0,2,a chihuahua,1,"СВАО улица Академика Королёва, дом 28, кор",P'¥N_hd_SVAO_1652_1,5 окт 2021,55.3055817698155,36.7012073997029
257,А51.jpg,1,1,0,2,a chihuahua,1,"ЦАО Верхняя Сыромятническая улица, дом 2",PVN_hd_TSAO_5300_3,6 окт 2021,54.566731336710724,37.82284295597549
258,А74.jpg,1,1,0,3,a chihuahua,1,"ЮЗАО улицайкадемика Варги, дом 28",P'¥N_hd_UZAO_1100_15,4 окт 2021,56.01159716568929,36.73640949796468
259,С57.jpg,0,0,0,0,0,0,"САО Левобережная улица, дом 4, корпус 12",P'¥N_hd_SAO_6159_54,1 окт 2021,56.28705379232606,36.89036316141662
260,А41.jpg,1,1,0,2,a samoyed,2,"ЦАО Шелепихинская набережная, дом 22",P'V¥N_hd_TSAO_4915_2,2 окт 2021,55.80303085355177,37.85979194296528
261,B46.jpg,1,1,1,3,a labrador,2,"СВАО проспект Мира, дом 182, корпус 3",P'¥N_hd_SVAO_3055_1,6 окт 2021,55.36090055203767,37.91732019157403
262,С73.jpg,1,0,0,0,0,0,"САО Левобережная улица, дом 4, корпус 12",P'¥N_hd_SAO_6159_54,5 окт 2021,56.1518160924234,37.773406841730754
263,С70.jpg,0,0,0,0,0,0,"ЦАО Верхняя Сыромятническая улица, дом 2",PVN_hd_TSAO_5300_3,2 окт 2021,55.76630485134385,37.79492936933644
264,А44.jpg,1,0,0,0,0,0,"ЦАО Шелепихинская набережная, дом 22",P'¥N_hd_TSAO_4915_2,4 окт 2021,56.353925315111034,37.540145196736916
265,B56.jpg,1,0,0,0,0,0,"ЦАО Верхняя Сыромятническая улица, дом 2",PVN_hd_TSAO_5300_3,4 окт 2021,55.07838572561069,37.50703393575645
266,А98.jpg,0,0,0,0,0,0,"ЦАО Верхняя Сыромятническая улица, дом 2",PVN_hd_TSAO_5300_3,1 окт 2021,56.404937420941955,37.822100386733325
267,А30.jpg,1,0,0,0,0,0,"ЦАО Верхняя Сыромятническая улица, дом 2",ЦМЧ_ЗАО_027_8,5 окт 2021,55.890105734830705,37.23046185533337
268,А49.jpg,1,1,0,1,a labrador,2,"ЦАО Верхняя Сыромятническая улица, дом 2",PVN_hd_TSAO_5300_3,6 окт 2021,56.20874079719586,37.319018309201695
269,B19.jpg,1,1,0,1,a labrador,2,"ЦАО Верхняя Сыромятническая улица, дом 2",PVN_hd_TSAO_5300_3,5 окт 2021,55.58144334521992,37.91051326579185
270,B111.jpg,0,0,0,0,0,0,"ЦАО Верхняя Сыромятническая улица, дом 2",PVN_hd_TSAO_5300_3,2 окт 2021,55.6746923847056,37.93309504435541
271,B47.jpg,0,0,0,0,0,0,"СВАО улица Корнейчука, дом 414",PVN_hd_TSAO_5300_3,4 окт 2021,54.74621300789312,37.50123597335898
272,А5.jpg,1,1,1,1,a rottweiler,1,P'VN_hd_SZAO_36_3,PVN_hd_TSAO_5300_3,5 окт 2021,55.98040497420318,37.31783638515805
273,B119.jpg,0,0,0,0,0,0,"ЦАО Верхняя Сыромятническая улица, дом 2",PVN_hd_TSAO_5300_3,2 окт 2021,55.71444790450433,36.802403273237516
274,B89.jpg,1,1,1,2,a chihuahua,1,"СВАО проспект Мира, дом 182, корпус 3",P'¥N_hd_SVAO_3055_1,3 окт 2021,55.31939141017693,37.72921080795954
275,А6.jpg,1,1,1,1,a border collie,2,"ЦАО Верхняя Сыромятническая улица, дом 2",PVN_hd_TSAO_5300_3,5 окт 2021,55.90940819887421,37.611125391596566
276,С59.jpg,0,0,0,0,0,0,"ЦАО Верхняя Сыромятническая улица, дом 2",P'¥N_hd_TSAO_3647_1,4 окт 2021,55.71924890979865,37.0006429232294
277,А48.jpg,0,0,0,0,0,0,"ЮЗАО улицайкадемика Варги, дом 28",P'¥N_hd_UZAO_1100_15,6 окт 2021,55.274343916625575,37.57983938184905
278,А25.jpg,1,0,0,0,0,0,"САО Ленинградский проспект, дом 35",УММ_5АО_027_8,5 окт 2021,56.345432877186134,37.72574815770694
279,А1.jpg,1,0,0,0,0,0,"ЦАО Верхняя Сыромятническая улица, дом 2",P'VN_hd_SZAO_36_3,3 окт 2021,56.584978291180164,39.019359631418624
280,B50.jpg,0,0,0,0,0,0,"СВАО улица Корнейчука, дом 414",PVN_hd_TSAO_5300_3,3 окт 2021,55.548241787220334,37.95079841314389
281,B17.jpg,1,1,0,1,a german shepherd,2,"СВАО проспект Мира, дом 182, корпус 3",P'¥N_hd_SVAO_3055_1,2 окт 2021,55.24824316339761,38.10198112171112
282,С102.jpg,0,0,0,0,0,0,"ЦАО Верхняя Сыромятническая улица, дом 2",PVN_hd_TSAO_5300_3,3 окт 2021,55.46936125209252,37.34937116972517
283,B5.jpg,1,0,0,0,0,0,"СВАО Новоалексеевская улица, дом 5А",P'¥N_hd_SVAO_3040_1,5 окт 2021,55.362697534206966,37.76715301814203
284,С61.jpg,1,1,0,1,a chihuahua,1,P'V¥N_hd_TSAO_3647_1,PVN_hd_TSAO_5300_3,5 окт 2021,56.00177013207845,37.24980872217967
285,B30.jpg,1,1,0,1,a german shepherd,2,"СВАО Мелиховская улица, дом 2",PVN_hd_SVAQ_3426_1,4 окт 2021,56.02903695295915,37.5643707288961
286,B10.jpg,1,1,0,3,a labrador,2,"СВАО улица Академика Королёва, дом 28, кор",P'¥N_hd_SVAO_1652_1,6 окт 2021,55.327169447107686,37.98481383294098
287,А38.jpg,1,1,1,1,a doberman,1,"ЦАО Верхняя Сыромятническая улица, дом 2",PVN_hd_TSAO_5300_3,5 окт 2021,55.297583387555264,38.3852307709483
288,B9.jpg,1,0,0,0,0,0,"СВАО Новоалексеевская улица, дом 5А",P'¥N_hd_SVAO_3040_1,4 окт 2021,55.902221474051835,38.285500935514115
289,B92.jpg,1,1,1,2,a german shepherd,2,"СВАО улица Бориса Галушкина, дом 25",PVN_hd_SVAQ_3087_5,2 окт 2021,55.51152790299799,37.46620694487124
290,С54.jpg,1,1,1,2,a dachshund,1,"ЦАО Верхняя Сыромятническая улица, дом 2",PVN_hd_TSAO_5300_3,3 окт 2021,55.61626682431375,37.59236765613555
291,B51.jpg,1,1,1,3,a chihuahua,1,"СВАО Новоалексеевская улица, дом 5А",P'¥N_hd_SVAO_3040_1,3 окт 2021,54.86304206738636,37.59194180903737
292,B120.jpg,1,1,1,3,a pug,1,"ЦАО Верхняя Сыромятническая улица, дом 2",PVN_hd_TSAO_5300_3,2 окт 2021,55.17342534389892,38.15777114519674
293,B77.jpg,0,0,0,0,0,0,"ЦАО Верхняя Сыромятническая улица, дом 2",PVN_hd_TSAO_5300_3,4 окт 2021,56.43967947784968,37.20031931428508
294,B80.jpg,0,0,0,0,0,0,"СВАО улица Бориса Галушкина, дом 18",P'V¥N_hd_SVAO_3081_5,5 окт 2021,55.66660790843804,36.01174876957537
295,B112.jpg,0,0,0,0,0,0,"ЦАО Верхняя Сыромятническая улица, дом 2",PVN_hd_TSAO_5300_3,1 окт 2021,55.83481080345189,37.08884922621936
296,B53.jpg,0,0,0,0,0,0,"СВАО улица Корнейчука, дом 414",PVN_hd_TSAO_5300_3,5 окт 2021,55.59746720932597,37.55802605461291
297,B87.jpg,1,1,0,2,a chihuahua,1,"ЦАО 5-й Монетчиковский переулок, дом 13",PVN_hd TSAQ_3766_1,6 окт 2021,55.21231523538908,36.94714995388186
298,А39.jpg,1,1,0,2,a husky,2,"ЦАО Верхняя Сыромятническая улица, дом 2",PVN_hd_TSAO_5300_3,3 окт 2021,55.61924906680007,37.12567662487707
299,B16.jpg,1,1,0,2,a pug,1,"ЦАО Верхняя Сыромятническая улица, дом 2",PVN_hd_TSAO_5300_3,6 окт 2021,56.15561169887714,37.4992664549575
300,B107.jpg,0,0,0,0,0,0,"ЦАО Верхняя Сыромятническая улица, дом 2",PVN_hd_TSAO_5300_3,1 окт 2021,56.024274725145496,37.55594438510221
301,B18.jpg,1,1,0,2,a pekingese,1,"ЦАО Верхняя Сыромятническая улица, дом 2",PVN_hd_TSAO_5300_3,3 окт 2021,55.98500430968965,38.37264426599995
302,А94.jpg,1,0,0,0,0,0,"ЦАО Верхняя Сыромятническая улица, дом 2",P'¥N_hd_UZAO_8352_4,1 окт 2021,55.5777499999642,38.07828871272504
303,B76.jpg,1,1,1,3,a pug,1,"СВАО проспект Мира, дом 182, корпус 3",P'¥N_hd_SVAO_3055_1,5 окт 2021,55.74344631834372,37.146506897923835
304,С98.jpg,0,0,0,0,0,0,"ЦАО Центросоюзный переулок, дом 4",PVN_hd_TSAO_3647_1,4 окт 2021,56.03936279774234,37.37698679195504
305,B64.jpg,0,0,0,0,0,0,"ЦАО Верхняя Сыромятническая улица, дом 2",PVN_hd_TSAO_5300_3,5 окт 2021,55.64177948180081,37.625607130673714
306,А58.jpg,1,1,0,2,a border collie,2,"ЗАО улица Крылатские Холмы, дом 32, корпус",РУМ_НЯ 7АС_9544_4,6 окт 2021,56.360446542034,36.63275731344705
307,С65.jpg,1,1,0,2,a jack russell terrier,2,P'V¥N_hd_TSAO_3647_1,PVN_hd_TSAO_5300_3,5 окт 2021,55.857307355457415,37.178076368917495
308,С75.jpg,0,0,0,0,0,0,"ЮАО 1-й Нижний Михайловский проезд, дом |",PVN_hd_UAO_7270_3,2 окт 2021,55.760808032972314,36.92470368310668
309,С94.jpg,0,0,0,0,0,0,"ЦАО Верхняя Сыромятническая улица, дом 2",PVN_hd_TSAO_5300_3,5 окт 2021,55.930098423534,36.52310317039439
310,А55.jpg,0,0,0,0,0,0,"ЦАО Верхняя Сыромятническая улица, дом 2",PVN_hd_TSAO_5300_3,4 окт 2021,55.850340071449196,37.27594251629038
311,С82.jpg,1,0,0,0,0,0,"ВАО улица Преображенский Вал, дом 24, корп",РУМ_НЯ МАО_5390_22,2 окт 2021,55.97463051306386,38.17755357412207
312,С47.jpg,0,0,0,0,0,0,"ЦАО Верхняя Сыромятническая улица, дом 2",PVN_hd_TSAO_5300_3,5 окт 2021,55.74911961689831,37.294846045596536
313,B75.jpg,1,1,0,2,a dalmatian,2,"ЦАО Верхняя Сыромятническая улица, дом 2",РУМ_Га Т$АО_5300_3,2 окт 2021,55.53701143836867,37.40045204278585
314,С55.jpg,0,0,0,0,0,0,"САО Левобережная улица, дом 4, корпус 12",P'V¥N_hd_SAO_6159_54,2 окт 2021,55.61145754985222,36.98353155937375
315,B74.jpg,1,1,0,3,a pekingese,1,"ЦАО Верхняя Сыромятническая улица, дом 2",PVN_hd_TSAO_5300_3,1 окт 2021,56.07985988335599,36.9925845895809
316,С81.jpg,1,0,0,0,0,0,"ВАО улица Преображенский Вал, дом 24, корп",РУМ_НЯ МАО_5390_22,6 окт 2021,55.83766336823359,37.01734612358431
317,B49.jpg,1,1,0,2,a chihuahua,1,"СВАО Новоалексеевская улица, дом 5А",P'¥N_hd_SVAO_3040_1,1 окт 2021,55.385320676131975,37.3379248394274
318,С103.jpg,0,0,0,0,0,0,"ЦАО Верхняя Сыромятническая улица, дом 2",PVN_hd_TSAO_5300_3,4 окт 2021,55.62789484807676,36.946222079756566
319,А62.jpg,1,0,0,0,0,0,"ЗАО улица Крылатские Холмы, дом 32, корпус",PVN_hd_TSAO_5300_3,4 окт 2021,55.55698963691199,37.359710401268345
320,А20.jpg,1,1,0,2,a poodle,1,"САО Ленинградский проспект, дом 35",ЦМЧ_ЗАО_027_7,5 окт 2021,55.463131068591984,38.711964073276796
321,А12.jpg,0,0,0,0,0,0,"САО Ленинградский проспект, дом 35",УММ_$АО_027_2,5 окт 2021,55.72102943088782,38.4217955234496
322,С80.jpg,0,0,0,0,0,0,"САО Ленинградское шоссе, дом 35",P¥N_hd_SAGQ_2_7228_1,3 окт 2021,55.974896855738656,37.67906164145414
323,B93.jpg,0,0,0,0,0,0,"СВАО проезд Черского, дом 5",P'¥N_hd_SVAO_1325_1,2 окт 2021,55.611866983204685,38.077951659287194
324,B48.jpg,1,1,0,3,a cocker spaniel,1,"ЦАО Верхняя Сыромятническая улица, дом 2",PVN_hd_TSAO_5300_3,5 окт 2021,56.067153004835426,37.405824488232504
325,А78.jpg,1,1,0,2,a husky,2,"ЦАО Верхняя Сыромятническая улица, дом 2",PVN_hd_TSAO_5300_3,5 окт 2021,55.00582229769947,38.34278662125219
326,С40.jpg,0,0,0,0,0,0,"ЮАО 1-й Нижний Михайловский проезд, дом |",P'¥N_hd_UAG_7270_3,3 окт 2021,55.80015236526091,37.278959798849634
327,А66.jpg,1,1,0,2,a dalmatian,2,"ЦАО Верхняя Сыромятническая улица, дом 2",PVN_hd_TSAO_5300_3,4 окт 2021,55.680190763397576,37.46351992889648
328,А97.jpg,1,0,0,0,0,0,"ЦАО Верхняя Сыромятническая улица, дом 2",P'¥N_hd_UZAO_8352_4,1 окт 2021,56.32576661972118,38.28987408257366
329,С35.jpg,1,1,1,3,a newfoundland,2,"ЦАО Верхняя Сыромятническая улица, дом 2",PVN_hd_TSAO_5300_3,2 окт 2021,55.201022884358565,37.6526963299558
330,B104.jpg,0,0,0,0,0,0,"СВАО проспект Мира, дом 182, корпус 3",P'¥N_hd_SVAO_3055_1,4 окт 2021,55.81362710612232,37.90236931612019
331,B54.jpg,1,1,1,2,a samoyed,2,"СВАО проспект Мира, дом 182, корпус 3",P'¥N_hd_SVAO_3055_1,3 окт 2021,55.416660877096284,36.57174510745052
332,B118.jpg,1,1,1,2,a pekingese,1,"ЦАО Верхняя Сыромятническая улица, дом 2",PVN_hd_TSAO_5300_3,3 окт 2021,56.14860528645891,37.63090247091826
333,С90.jpg,1,0,0,0,0,0,"САО Левобережная улица, дом 4, корпус 12",P'¥N_hd_SAO_6159_54,1 окт 2021,55.16007146199027,36.870458567181565
334,С21.jpg,0,0,0,0,0,0,"ЦАО Верхняя Сыромятническая улица, дом 2",PVN_hd_TSAO_5300_3,3 окт 2021,55.13445123336432,38.14408489608105
335,А3.jpg,0,0,0,0,0,0,"СЗАО улица Свободы, дом 3",P'VN_hd_SZAO_36_3,5 окт 2021,55.13581615263013,36.883670012719605
336,B40.jpg,1,1,1,2,a golden retriever,2,"ЦАО Верхняя Сыромятническая улица, дом 2","СВАО улица Корнейчука, дом 414",5 окт 2021,55.349957552755804,37.28295624279342
337,С67.jpg,0,0,0,0,0,0,"САО 1-й Амбулаторный проезд, дом 7, корпус",P'V¥N_hd_SAGQ_2559_3,4 окт 2021,55.485872289416086,37.55610571635377
338,С34.jpg,0,0,0,0,0,0,"ЦАО Верхняя Сыромятническая улица, дом 2",PVN_hd_TSAO_5300_3,1 окт 2021,55.60577450061498,37.86087404873009
339,B4.jpg,1,1,0,2,a chihuahua,1,"ЦАО Верхняя Сыромятническая улица, дом 2",PVN_hd_TSAO_5300_3,4 окт 2021,55.11386448472699,37.72238253629463
340,B14.jpg,1,1,0,2,a pug,1,"ЦАО Верхняя Сыромятническая улица, дом 2",PVN_hd_TSAO_5300_3,4 окт 2021,56.63463398034074,37.64864125047304
341,B71.jpg,1,1,0,2,a labrador,2,"ЦАО Верхняя Сыромятническая улица, дом 2",PVN_hd_TSAO_5300_3,3 окт 2021,55.419560664409175,37.81484677998571
342,B2.jpg,1,1,0,2,a borzoi,2,"СВАО улица Академика Королёва, дом 28, кор",P'¥N_hd_SVAO_1652_1,3 окт 2021,55.44394321207012,37.06647694373082
343,B110.jpg,1,1,1,2,a chihuahua,1,"СВАО улица Бориса Галушкина, дом 25",PVN_hd_SVAQ_3087_5,6 окт 2021,55.94716334017715,37.630152543882595
344,А50.jpg,1,0,0,0,0,0,"ЦАО Шелепихинская набережная, дом 22",P'V¥N_hd_TSAO_4915_2,4 окт 2021,56.42415864419575,37.95051041777886
345,B36.jpg,1,1,0,2,a pekingese,1,"ЦАО Верхняя Сыромятническая улица, дом 2","СВАО улица Корнейчука, дом 414",3 окт 2021,55.60500655494154,38.308184295594806
346,С42.jpg,0,0,0,0,0,0,"САО Левобережная улица, дом 4, корпус 12",P'V¥N_hd_SAO_6159_54,5 окт 2021,55.044840918716964,37.672100037080604
347,А19.jpg,1,0,0,0,0,0,"ЦАО Верхняя Сыромятническая улица, дом 2",PVN_hd_TSAO_5300_3,1 окт 2021,55.34940577710557,38.335159455244444
348,А7.jpg,1,0,0,0,0,0,"ЦАО Верхняя Сыромятническая улица, дом 2",PVN_hd_TSAO_5300_3,6 окт 2021,55.65254890466051,37.65377894089665
349,B66.jpg,1,0,0,0,0,0,"ЦАО Верхняя Сыромятническая улица, дом 2",PVN_hd_TSAO_5300_3,3 окт 2021,56.197208782972005,36.865711766044306
350,B20.jpg,1,0,0,0,0,0,"СВАО Мелиховская улица, дом 2",P'¥N_hd_SVAO_3426_1,6 окт 2021,55.839184361060134,37.327598852752956
351,А93.jpg,1,0,0,0,0,0,"ЦАО Верхняя Сыромятническая улица, дом 2",PVN_hd_TSAO_5300_3,2 окт 2021,54.88208998800228,37.3615264959356
352,B24.jpg,1,1,0,3,a chihuahua,1,"ЦАО Верхняя Сыромятническая улица, дом 2",PVN_hd_TSAO_5300_3,2 окт 2021,56.02595240523021,38.12789682789207
353,B102.jpg,1,0,0,0,0,0,"ЦАО Верхняя Сыромятническая улица, дом 2",PVN_hd_TSAO_5300_3,1 окт 2021,55.88238877945549,36.80173878557896
354,С64.jpg,1,1,0,3,a dachshund,1,P'¥N_hd_TSAO_3647_1,PVN_hd_TSAO_5300_3,6 окт 2021,56.05225362453531,37.485092850220575
355,B23.jpg,1,1,0,3,a dachshund,1,"ЦАО Верхняя Сыромятническая улица, дом 2",PVN_hd_TSAO_5300_3,5 окт 2021,54.87861258521027,37.57579069530014
356,B32.jpg,1,1,0,1,a doberman,1,"СВАО Новоалексеевская улица, дом 5А",P'¥N_hd_SVAO_3040_1,2 окт 2021,55.68977679296177,36.750975354068075
357,B37.jpg,0,0,0,0,0,0,"ЦАО Верхняя Сыромятническая улица, дом 2",P¥N_hd_SVAO_3498 4,6 окт 2021,55.52327565832817,37.96746018704857
358,А16.jpg,1,0,0,0,0,0,"САО Ленинградский проспект, дом 35",УММ_$5АО_027_7,1 окт 2021,55.53123446660503,37.05400750437408
359,С89.jpg,1,1,0,1,a toy terrier,1,P'V¥N_hd_TSAO_3647_1,PVN_hd_TSAO_5300_3,2 окт 2021,56.96696441137837,36.724144514253325
360,B41.jpg,1,1,0,1,a labrador,2,"СВАО Новоалексеевская улица, дом 5А",P'¥N_hd_SVAO_3040_1,2 окт 2021,55.70506117915913,37.31682561876811
361,А82.jpg,0,0,0,0,0,0,"ЦАО Верхняя Сыромятническая улица, дом 2",PVN_hd_TSAO_5300_3,5 окт 2021,55.65266682686548,37.37960193892606
362,С96.jpg,1,0,0,0,0,0,"ЦАО Центросоюзный переулок, дом 4",PVN_hd_TSAO_3647_1,6 окт 2021,55.01641551065788,37.96590647690104
363,B39.jpg,1,1,0,1,a labrador,2,"ЦАО Верхняя Сыромятническая улица, дом 2",PVN_hd_TSAO_5300_3,3 окт 2021,55.339693667978445,37.27083639904211
364,С27.jpg,0,0,0,0,0,0,"ЦАО Центросоюзный переулок, дом 4",PVN_hd_TSAO_3647_1,2 окт 2021,56.3260149130048,38.49355251856815
365,B52.jpg,1,1,1,1,a labrador,2,"ЦАО Верхняя Сыромятническая улица, дом 2","СВАО улица Корнейчука, дом 414",6 окт 2021,54.71773894723649,37.567947923261364
366,B103.jpg,0,0,0,0,0,0,"ЮЗАО улица Академика Семёнова, дом 3",PVN_hd_UZAQ_8740_4,1 окт 2021,55.70760478018099,38.23878809184832
367,B78.jpg,1,0,0,0,0,0,"ЦАО Верхняя Сыромятническая улица, дом 2",PVN_hd_TSAO_5300_3,4 окт 2021,56.34406588220152,37.48386597940212
368,B101.jpg,0,0,0,0,0,0,"ЦАО Верхняя Сыромятническая улица, дом 2",РУМЧ_В9 ЦУАО_8772_3,3 окт 2021,55.75977478281001,37.84112505101083
369,B90.jpg,0,0,0,0,0,0,"ЦАО Верхняя Сыромятническая улица, дом 2",PVN_hd_TSAO_5300_3,5 окт 2021,56.98443152658697,37.609765438365926
370,А36.jpg,1,1,0,3,a chihuahua,1,"СЗАО улица Исаковского, дом 28, корпус 1",P'¥N_hd_SZA0_5745_1,2 окт 2021,55.982992792807366,38.156590737477025
371,B25.jpg,0,0,0,0,0,0,"ЦАО Верхняя Сыромятническая улица, дом 2",PVN_hd_TSAO_5300_3,6 окт 2021,55.7264667510689,37.398781149679664
372,B59.jpg,1,1,1,1,a rottweiler,1,"ЦАО Верхняя Сыромятническая улица, дом 2",PVN_hd_TSAO_5300_3,4 окт 2021,55.8322262702317,37.31630748459134
373,С48.jpg,0,0,0,0,0,0,"ЦАО Верхняя Сыромятническая улица, дом 2",PVN_hd_TSAO_5300_3,5 окт 2021,55.828112584858644,37.99566419660099
374,С25.jpg,0,0,0,0,0,0,"ЦАО Верхняя Сыромятническая улица, дом 2",PVN_hd_TSAO_5300_3,4 окт 2021,56.02741323905847,38.124247850660865
375,А10.jpg,0,0,0,0,0,0,"САО Ленинградский проспект, дом 35",ЦМЧ_ЗАО_027_2,1 окт 2021,55.282725534283884,37.913460522697854
376,А31.jpg,1,0,0,0,0,0,"ЦАО Верхняя Сыромятническая улица, дом 2",PVN_hd_TSAO_5300_3,3 окт 2021,55.17016218120004,37.56618776068632
377,B43.jpg,1,1,0,1,a border collie,2,"ЦАО Верхняя Сыромятническая улица, дом 2","СВАО улица Корнейчука, дом 414",2 окт 2021,55.14288421568538,37.46094661633451
378,А67.jpg,0,0,0,0,0,0,"ЦАО Верхняя Сыромятническая улица, дом 2",PVN_hd_TSAO_5300_3,3 окт 2021,55.987426138860165,37.00250946227911
379,С92.jpg,1,0,0,0,0,0,"САО Левобережная улица, дом 4, корпус 12",P'¥N_hd_SAO_6159_54,1 окт 2021,55.06122155480669,37.197554378521005
380,B44.jpg,1,1,1,3,a doberman,1,"ЦАО Верхняя Сыромятническая улица, дом 2",PVN_hd_TSAO_5300_3,6 окт 2021,55.34095943752376,37.09331757735591
381,А68.jpg,0,0,0,0,0,0,"ЗАО Филёвский бульвар, дом 15",P'¥N_hd_ZA0_10482_1,1 окт 2021,55.93842816742,37.16513070941953
382,С24.jpg,1,0,0,0,0,0,"САО Левобережная улица, дом 4, корпус 12",PVN_hd_SAO_6159_54,3 окт 2021,55.68227000588922,36.962183941216
383,B26.jpg,1,1,1,3,a basset hound,2,"ЦАО Верхняя Сыромятническая улица, дом 2",PVN_hd_TSAO_5300_3,2 окт 2021,56.248182225381775,36.34510607571956
384,А96.jpg,1,1,1,1,a borzoi,2,P'¥N_hd_UZAO_8352_4,PVN_hd_TSAO_5300_3,3 окт 2021,54.95058290841409,36.4065135092097
385,B70.jpg,1,1,0,2,a borzoi,2,"ЦАО Верхняя Сыромятническая улица, дом 2",PVN_hd_TSAO_5300_3,3 окт 2021,56.00501376569246,37.66945693660849
386,B27.jpg,1,1,0,2,a basset hound,2,"СВАО Мелиховская улица, дом 2",P'¥N_hd_SVAO_3426_1,4 окт 2021,56.16692605316582,37.83817439288072
387,А11.jpg,1,1,0,2,a corgi,1,"САО Ленинградский проспект, дом 35",УММЧ_$АО_027_2,1 окт 2021,55.7338550610896,37.93831502174707
388,С62.jpg,1,0,0,0,0,0,"ЦАО Верхняя Сыромятническая улица, дом 2",PVN_hd_TSAO_5300_3,6 окт 2021,55.254465784279276,37.18653194167232
389,B57.jpg,1,1,1,2,a borzoi,2,"ЦАО Верхняя Сыромятническая улица, дом 2",PVN_hd_TSAO_5300_3,5 окт 2021,55.65034025492584,38.49539357021585
390,B60.jpg,1,0,0,0,0,0,"СВАО улица Бориса Галушкина, дом 18",P'V¥N_hd_SVAO_3081_5,4 окт 2021,55.88997525006328,36.935246264231715
391,А79.jpg,1,1,0,2,a bulldog,1,"ЦАО Верхняя Сыромятническая улица, дом 2",PVN_hd_TSAO_5300_3,6 окт 2021,55.523963571751466,37.48559816054043
392,А59.jpg,0,0,0,0,0,0,"ЦАО Верхняя Сыромятническая улица, дом 2",PVN_hd_TSAO_5300_3,4 окт 2021,56.32557139009608,37.36046197409558
393,B115.jpg,1,1,1,2,a husky,2,"СВАО улица Бориса Галушкина, дом 25",PVN_hd_SVAQ_3087_5,2 окт 2021,55.80490814256592,37.60931750384042
394,А26.jpg,1,0,0,0,0,0,"САО Ленинградский проспект, дом 35",ЦМЧ_ЗАО_027_8,5 окт 2021,56.638383792404454,38.22925483237563
395,А90.jpg,1,1,0,2,a husky,2,"ЦАО Верхняя Сыромятническая улица, дом 2",PVN_hd_TSAO_5300_3,5 окт 2021,56.10960067137192,36.847955644986065
396,А95.jpg,1,1,0,1,a rottweiler,1,"ЮАО Домодедовская улица, дом 24, корпус 4",РУМ_В9 ЦАО_2565_1,3 окт 2021,56.21321399931117,38.76951761019544
397,B69.jpg,1,1,0,2,a pekingese,1,"ЦАО Верхняя Сыромятническая улица, дом 2",PVN_hd_TSAO_5300_3,6 окт 2021,55.47747948287206,37.393472876742315
398,А87.jpg,1,1,0,2,a husky,2,"ЮЗАО Севастопольский проспект, дом 50/11",P'¥N_hd_UZAO_8297_1,4 окт 2021,56.14376664352432,37.82390115952677
399,С32.jpg,0,0,0,0,0,0,"САО Левобережная улица, дом 4, корпус 12",PVN_hd_SAO_6159_54,2 окт 2021,55.58125480804441,37.64742604699889
400,B82.jpg,0,0,0,0,0,0,"ЦАО Верхняя Сыромятническая улица, дом 2",PVN_hd_TSAO_5300_3,6 окт 2021,55.66388177832976,38.08745400098596
401,А53.jpg,1,0,0,0,0,0,"ЗАО улица Крылатские Холмы, дом 32, корпус",РУМ_В9 7АО_9544_4,6 окт 2021,55.72235212601295,36.94217017211493
402,А102.jpg,1,1,0,2,a husky,2,"ЦАО Верхняя Сыромятническая улица, дом 2",PVN_hd_TSAO_5300_3,6 окт 2021,55.332382063960026,37.07364667187085
403,А34.jpg,1,1,0,2,a borzoi,2,"СЗАО улица Исаковского, дом 28, корпус 1",P'¥N_hd_SZA0_5745_1,6 окт 2021,55.71047540641071,37.24875155609435
404,А72.jpg,1,1,0,1,a spitz,1,"ЦАО Верхняя Сыромятническая улица, дом 2","ЮАО Днепропетровская улица, дом 31",5 окт 2021,55.91078070487455,37.599623888154085
405,А21.jpg,1,0,0,0,0,0,"САО Ленинградский проспект, дом 35",УММ_$5АО_027_7,3 окт 2021,55.42893375388672,37.97931611761724
406,С44.jpg,1,1,0,2,a chihuahua,1,"ЦАО Верхняя Сыромятническая улица, дом 2",PVN_hd_TSAO_5300_3,1 окт 2021,55.57771691546359,37.63562782069102
407,B11.jpg,1,1,1,2,a bulldog,1,"ЦАО Верхняя Сыромятническая улица, дом 2",PVN_hd_TSAO_5300_3,2 окт 2021,55.208958338107074,37.591372768842966
408,А8.jpg,1,0,0,0,0,0,"ЦАО Верхняя Сыромятническая улица, дом 2",PVN_hd_TSAO_5300_3,3 окт 2021,56.53902071385526,37.911729030458254
409,B65.jpg,1,1,1,2,a borzoi,2,"ЦАО Верхняя Сыромятническая улица, дом 2",PVN_hd_TSAO_5300_3,2 окт 2021,55.16509990094491,37.585536620489016
410,B117.jpg,1,1,0,2,a caucasian shepherd dog,1,"ЦАО Верхняя Сыромятническая улица, дом 2",PVN_hd_TSAO_5300_3,6 окт 2021,55.58346201056577,36.89062047487246
411,А27.jpg,1,1,0,2,a labrador,2,"ЦАО Верхняя Сыромятническая улица, дом 2",PVN_hd_TSAO_5300_3,3 окт 2021,55.691421975909265,38.23358540324448
412,B84.jpg,1,0,0,0,0,0,"СВАО улица Бориса Галушкина, дом 25",P'¥N_hd_SVAO_3087_5,3 окт 2021,55.262313856020036,37.056204629283656
413,А28.jpg,0,0,0,0,0,0,"САО Ленинградский проспект, дом 35",ЦМЧ_ЗАО_027_8,5 окт 2021,55.70097525728906,38.0877005876515
414,А91.jpg,1,1,1,2,a borzoi,2,"ЦАО Верхняя Сыромятническая улица, дом 2",PVN_hd_TSAO_5300_3,6 окт 2021,56.213171356350045,37.387152658021115
415,А13.jpg,0,0,0,0,0,0,"ЦАО Верхняя Сыромятническая улица, дом 2",PVN_hd_TSAO_5300_3,4 окт 2021,55.187674151763254,38.413893500109964
416,B45.jpg,1,1,0,2,a toy terrier,1,"ЦАО Верхняя Сыромятническая улица, дом 2",PVN_hd_TSAO_5300_3,6 окт 2021,55.89655346169671,37.54464504491687
417,С36.jpg,1,1,0,2,a chihuahua,1,"ЮАО 1-й Нижний Михайловский проезд, дом |",PVN_hd_UAO_7270_3,4 окт 2021,56.038612851871754,37.34623383524633
418,B83.jpg,0,0,0,0,0,0,"СВАО улица Бориса Галушкина, дом 18",P'V¥N_hd_SVAO_3081_5,4 окт 2021,56.103415360326274,38.55073918647179
419,А43.jpg,0,0,0,0,0,0,"ЦАО Шелепихинская набережная, дом 22",P'¥N_hd_TSAO_4915_2,3 окт 2021,55.777145930531844,38.432231023474024
420,B33.jpg,1,1,0,2,a samoyed,2,"СВАО проспект Мира, дом 182, корпус 3",P'¥N_hd_SVAO_3055_1,6 окт 2021,55.81670524259516,37.43097423291413
421,А99.jpg,1,1,0,2,a chihuahua,1,"ЮЗАО улица Каховка, дом 18, корпус 5",P'¥N_hd_UZAO_8352_4,4 окт 2021,55.838572277370474,37.22334217476171
422,С37.jpg,1,1,1,2,a samoyed,2,"ЮАО 1-й Нижний Михайловский проезд, дом |",PVN_hd_UAO_7270_3,1 окт 2021,56.20408892483356,38.54318129676724
423,А52.jpg,1,1,0,2,a chihuahua,1,P'V¥N_hd_TSAO_4915_2,PVN_hd_TSAO_5300_3,3 окт 2021,55.969760425712366,37.092962426863956
424,B94.jpg,0,0,0,0,0,0,"СВАО проезд Черского, дом 5",P'¥N_hd_SVAO_1325_1,3 окт 2021,56.29327674260707,37.016027246761304
425,B116.jpg,1,1,1,2,a chihuahua,1,"ЦАО Верхняя Сыромятническая улица, дом 2",PVN_hd_TSAO_5300_3,1 окт 2021,56.20356610653959,37.01650477457404
426,А9.jpg,1,1,0,2,a labrador,2,"ЦАО Верхняя Сыромятническая улица, дом 2",PVN_hd_TSAO_5300_3,2 окт 2021,56.17164330943428,37.538043176310204
427,B6.jpg,1,1,0,2,a chihuahua,1,"СВАО улица Академика Королёва, дом 28, кор",P'¥N_hd_SVAO_1652_1,2 окт 2021,55.80839526236655,37.54690461553624
428,А51.jpg,1,1,0,2,a chihuahua,1,"ЦАО Верхняя Сыромятническая улица, дом 2",PVN_hd_TSAO_5300_3,4 окт 2021,56.14218643891799,37.121323444469915
429,А74.jpg,1,1,0,3,a chihuahua,1,"ЮЗАО улицайкадемика Варги, дом 28",P'¥N_hd_UZAO_1100_15,1 окт 2021,56.026410481379784,38.30903532489245
430,С57.jpg,0,0,0,0,0,0,"САО Левобережная улица, дом 4, корпус 12",P'¥N_hd_SAO_6159_54,5 окт 2021,55.503753831162314,37.37171625279008
431,А41.jpg,1,1,0,2,a samoyed,2,"ЦАО Шелепихинская набережная, дом 22",P'V¥N_hd_TSAO_4915_2,5 окт 2021,56.131578059771634,37.61661367464722
432,B46.jpg,1,1,1,3,a labrador,2,"СВАО проспект Мира, дом 182, корпус 3",P'¥N_hd_SVAO_3055_1,3 окт 2021,56.0681775815082,37.28913583055104
433,С73.jpg,1,0,0,0,0,0,"САО Левобережная улица, дом 4, корпус 12",P'¥N_hd_SAO_6159_54,4 окт 2021,55.487370997964355,38.24128859138302
434,С70.jpg,0,0,0,0,0,0,"ЦАО Верхняя Сыромятническая улица, дом 2",PVN_hd_TSAO_5300_3,1 окт 2021,56.420829124373256,37.68748286682668
435,А44.jpg,1,0,0,0,0,0,"ЦАО Шелепихинская набережная, дом 22",P'¥N_hd_TSAO_4915_2,4 окт 2021,55.79552116437285,38.036497056341595
436,B56.jpg,1,0,0,0,0,0,"ЦАО Верхняя Сыромятническая улица, дом 2",PVN_hd_TSAO_5300_3,6 окт 2021,55.810503049323565,38.4413300956995
437,С18.jpg,0,0,0,0,0,0,"ЦАО Старая Басманная улица, дом 25, строен",PVN_hd_TSAO_5300_3,3 окт 2021,55.855955266837704,38.40029781065043
438,А81.jpg,0,0,0,0,0,0,"ЮАО Варшавское шоссе, дом 144, корпус 2",P'¥N_hd_UAO_5653_11,1 окт 2021,56.35898825372964,37.54223434566968
439,B12.jpg,1,0,0,0,0,0,"СВАО Мелиховская улица, дом 2",P'¥N_hd_SVAO_3426_1,6 окт 2021,56.16559371822648,37.755195215594334
440,С1.jpg,0,0,0,0,0,0,"САО 1-й Амбулаторный проезд, дом 7, корпус",P'V¥N_hd_SAGQ_2559_3,4 окт 2021,55.33417624824857,38.061054557842844
441,А40.jpg,0,0,0,0,0,0,"ЦАО Шелепихинская набережная, дом 22",P'¥N_hd_TSAO_4915_2,1 окт 2021,55.42827486668432,36.625658273378235
442,С17.jpg,0,0,0,0,0,0,"ЦАО Новая Басманная улица, дом 14, строени",PVN_hd_TSAO_5300_3,5 окт 2021,56.14666961306273,37.94299992582337
443,А71.jpg,0,0,0,0,0,0,"ЮАО Днепропетровская улица, дом 31",PVN_hd_TSAO_5300_3,4 окт 2021,55.67202039413438,37.06443959257974
444,С9.jpg,0,0,0,0,0,0,"САО Ленинградское шоссе, дом 51",PVN_hd_TSAO_5300_3,2 окт 2021,56.20843565834339,37.512714978873525
445,B96.jpg,0,0,0,0,0,0,"ЦАО Верхняя Сыромятническая улица, дом 2",P'¥N_hd_SVAO_1325_1,2 окт 2021,55.90304950889203,36.94071178161795
446,А23.jpg,0,0,0,0,0,0,"САО Ленинградский проспект, дом 35",ЦМЧ_ЗАО_027_8,4 окт 2021,56.19235178331332,38.76047890407338
447,С15.jpg,0,0,0,0,0,0,"ЦАО Верхняя Сыромятническая улица, дом 2",PVN_hd_TSAO_5300_3,6 окт 2021,55.667214360960585,37.45324114309027
448,А83.jpg,0,0,0,0,0,0,"ЮАО улица Красного Маяка, дом 19, корпус 3",P¥N_hd_UAO_$456_1,4 окт 2021,55.52081600331661,37.307587491876205
449,А73.jpg,1,0,0,0,0,0,"ЮАО Чертановская улица, дом 8, корпус 1",P'V¥N_hd_UAG_2409_1,5 окт 2021,56.523142307603074,37.10516422744965
450,С6.jpg,0,0,0,0,0,0,"САО Клязьминская улица, дом 5, корпус 1",P'V¥N_hd_SAG_3465_1,1 окт 2021,56.28456043368915,36.76926696862567
451,А76.jpg,1,0,0,0,0,0,"ЮАО Чертановская улица, дом 8, корпус 1",P'V¥N_hd_UAG_2409_1,5 окт 2021,55.690148754427426,37.389243991533924
452,С11.jpg,0,0,0,0,0,0,"ЦАО переулок Огородная Слобода, дом 10",PVN_hd_TSAO_5300_3,3 окт 2021,55.990762231538966,37.25932927804923
453,А100.jpg,0,0,0,0,0,0,"ЦАО Верхняя Сыромятническая улица, дом 2",P'¥N_hd_UZAO_8352_4,4 окт 2021,56.12584979443682,37.46233421833418
454,А4.jpg,1,0,0,0,0,0,"ЦАО Верхняя Сыромятническая улица, дом 2",P'VN_hd_SZAO_36_3,4 окт 2021,55.35205175661716,36.52324425193556
455,С8.jpg,0,0,0,0,0,0,"САО Ленинградское шоссе, дом 35",P¥N_hd_SAGQ_2_7228_1,6 окт 2021,55.05501414149839,36.4912947714877
456,B99.jpg,0,0,0,0,0,0,"ЦАО 1-й Спасоналивковский переулок, дом 18",P'¥N_hd_TSAO_11401_1,3 окт 2021,55.200766860363125,37.648230861819385
457,С14.jpg,0,0,0,0,0,0,"ЦАО Садовая-Черногрязская улица, дом 16-18",PVN_hd_TSAO_5300_3,3 окт 2021,56.1067344679426,38.09534246712822
458,B34.jpg,0,0,0,0,0,0,"СВАО улица Корнейчука, дом 414",PVN_hd_TSAO_5300_3,1 окт 2021,55.5613411744629,37.23778649326196
459,B91.jpg,0,0,0,0,0,0,"ЦАО Верхняя Сыромятническая улица, дом 2",PVN_hd_TSAO_5300_3,2 окт 2021,55.96156729504672,37.790440852647215
460,А80.jpg,1,0,0,0,0,0,"ЮАО Чертановская улица, дом 66, корпус 4",РУМ_В9 ЦАО_2582_4,4 окт 2021,55.35523433003462,37.38564563561518
461,С3.jpg,0,0,0,0,0,0,"ЮАО 1-й Нижний Михайловский проезд, дом |",PVN_hd_UAO_7270_3,3 окт 2021,56.79798289581783,37.77537149239537
462,B97.jpg,0,0,0,0,0,0,"ЮЗАО улица Академика Семёнова, дом 3",РУМЧ_ВЯ ЦУАО_8740_4,3 окт 2021,55.44876781161864,37.372543564275304
463,С20.jpg,0,0,0,0,0,0,"ЦАО Токмаков переулок, дом 13-15",PVN_hd_TSAO_5300_3,5 окт 2021,55.475003945600065,36.94175766785807
464,С5.jpg,0,0,0,0,0,0,"САО Ангарская улица, дом 39",PVN_hd_SAQ_3371_1,1 окт 2021,55.66335214078602,38.0000828135837
465,B88.jpg,0,0,0,0,0,0,"ЦАО 5-й Монетчиковский переулок, дом 13",PVN_hd_TSAO_3766_1,5 окт 2021,55.88150458901183,36.509916569669606
466,А54.jpg,0,0,0,0,0,0,"ЗАО улица Крылатские Холмы, дом 32, корпус",РУМ_НЯ 7АС_9544_4,1 окт 2021,55.17389048350858,37.32425751257397
467,С19.jpg,0,0,0,0,0,0,"ЦАО Токмаков переулок, дом 3-5",PVN_hd_TSAO_5300_3,6 окт 2021,56.62468060344651,37.02913115239816
468,А64.jpg,0,0,0,0,0,0,"ЗАО Филёвский бульвар, дом 15",P'¥N_hd_ZAO_10482_1,1 окт 2021,56.11359092845227,37.53463728956157
469,С12.jpg,0,0,0,0,0,0,"ЦАО переулок Огородная Слобода, дом 14",PVN_hd_TSAO_5300_3,6 окт 2021,55.970947195613675,37.83436470286714
470,С10.jpg,0,0,0,0,0,0,"ЦАО Верхняя Сыромятническая улица, дом 2",P'¥N_hd_SAGQ_2_8257_3,6 окт 2021,56.05026937410541,38.0556435954114
471,С4.jpg,0,0,0,0,0,0,"CAO Беломорская улица, дом 16",PVN_hd_SAO_2 7820.1,5 окт 2021,57.16271958521926,37.36248576285477
472,B1.jpg,1,0,0,0,0,0,"СВАО улица Академика Королёва, дом 28, кор",P'¥N_hd_SVAO_1652_1,3 окт 2021,56.077124321133816,38.12086930161323
473,С7.jpg,0,0,0,0,0,0,"ЦАО Центросоюзный переулок, дом 4",PVN_hd_TSAO_3647_1,2 окт 2021,55.72849166009558,37.358596704396746
474,А17.jpg,0,0,0,0,0,0,"САО Ленинградский проспект, дом 35",ЦМЧ_ЗАО_027_7,4 окт 2021,56.49308500363665,38.05004294231125
475,А86.jpg,0,0,0,0,0,0,"ЮЗАО улица Каховка, дом 5, корпус 4",P¥N_hd_UZAO_7277_1,5 окт 2021,55.449409377800464,37.94863947803394
476,B98.jpg,0,0,0,0,0,0,"ЦАО улица Крымский Вал, дом 8",P'¥N_hd_TSAO_6162_6,4 окт 2021,55.22517050241579,37.765601987284874
477,С13.jpg,0,0,0,0,0,0,"ЦАО Большой Козловский переулок, дом 11, с",PVN_hd_TSAO_5300_3,2 окт 2021,56.12911137458348,37.68000781020317
478,B100.jpg,0,0,0,0,0,0,"ЦАО Верхняя Сыромятническая улица, дом 2",PVN_hd_UZAG_8772_3,5 окт 2021,55.61768589762308,39.045316553957115
479,B86.jpg,0,0,0,0,0,0,"ЦАО Малая Пионерская улица, дом 23-31, стро",PVN_hd TSAO _3847_1,4 окт 2021,56.05400512347767,37.99038980296883
480,B55.jpg,0,0,0,0,0,0,"ЦАО Верхняя Сыромятническая улица, дом 2",P'V¥N_hd_TSAO_5300_3,2 окт 2021,55.96209538879116,38.37129740174005
481,С16.jpg,0,0,0,0,0,0,"ЦАО Верхняя Сыромятническая улица, дом 2",PVN_hd_TSAO_5300_3,4 окт 2021,55.69261575248484,37.80536334772698
482,А88.jpg,1,0,0,0,0,0,"ЮЗАО Севастопольский проспект, дом 50/11",P'¥N_hd_UZAO_8297_1,2 окт 2021,55.86049180331628,37.267435600431426
483,С2.jpg,0,0,0,0,0,0,"ЦАО Верхняя Сыромятническая улица, дом 2",PVN_hd_TSAO_3647_1,3 окт 2021,55.41853557211362,37.37107591716217
484,А33.jpg,1,0,0,0,0,0,"СЗАО улица Исаковского, дом 28, корпус 1",P'¥N_hd_SZA0_5745_1,3 окт 2021,55.86874354489522,37.71929292079844
